/*
SQLyog Ultimate v11.22 (64 bit)
MySQL - 5.6.39 : Database - tiku_db
*********************************************************************
*/

/*!40101 SET NAMES utf8 */;

/*!40101 SET SQL_MODE=''*/;

/*!40014 SET @OLD_UNIQUE_CHECKS=@@UNIQUE_CHECKS, UNIQUE_CHECKS=0 */;
/*!40014 SET @OLD_FOREIGN_KEY_CHECKS=@@FOREIGN_KEY_CHECKS, FOREIGN_KEY_CHECKS=0 */;
/*!40101 SET @OLD_SQL_MODE=@@SQL_MODE, SQL_MODE='NO_AUTO_VALUE_ON_ZERO' */;
/*!40111 SET @OLD_SQL_NOTES=@@SQL_NOTES, SQL_NOTES=0 */;
CREATE DATABASE /*!32312 IF NOT EXISTS*/`tiku_db` /*!40100 DEFAULT CHARACTER SET utf8 */;

USE `tiku_db`;

/*Table structure for table `admin` */

DROP TABLE IF EXISTS `admin`;

CREATE TABLE `admin` (
  `id` int(11) NOT NULL AUTO_INCREMENT,
  `username` varchar(40) NOT NULL,
  `password` varchar(40) DEFAULT NULL,
  `cellphone` varchar(20) DEFAULT NULL,
  `timeCreated` datetime DEFAULT NULL,
  PRIMARY KEY (`id`,`username`),
  UNIQUE KEY `username` (`username`)
) ENGINE=InnoDB AUTO_INCREMENT=2 DEFAULT CHARSET=utf8;

/*Data for the table `admin` */

insert  into `admin`(`id`,`username`,`password`,`cellphone`,`timeCreated`) values (1,'admin','admin',NULL,'2019-08-14 14:46:33');

/*Table structure for table `chapter` */

DROP TABLE IF EXISTS `chapter`;

CREATE TABLE `chapter` (
  `id` int(11) NOT NULL AUTO_INCREMENT,
  `title` varchar(40) DEFAULT NULL,
  `course` int(11) DEFAULT NULL,
  `number` int(11) DEFAULT NULL,
  PRIMARY KEY (`id`)
) ENGINE=InnoDB AUTO_INCREMENT=76 DEFAULT CHARSET=utf8;

/*Data for the table `chapter` */

insert  into `chapter`(`id`,`title`,`course`,`number`) values (53,'真题一',4,1),(54,'真题二',4,2),(55,'真题三',4,3),(56,'真题四',4,4),(57,'真题五',4,5),(63,'概述',6,1),(64,'物理层',6,2),(65,'数据链路层',6,3),(66,'网络层',6,4),(67,'传输层',6,5),(68,'应用层',6,6),(69,'绪论',7,1),(70,'关系数据库',7,2),(71,'关系数据库语言SQL',7,3),(72,'数据库安全性',7,4),(73,'数据库完整性',7,5),(74,'关系数据库理论',7,6),(75,'数据库设计',7,7);

/*Table structure for table `course` */

DROP TABLE IF EXISTS `course`;

CREATE TABLE `course` (
  `id` int(11) NOT NULL AUTO_INCREMENT,
  `title` varchar(40) DEFAULT NULL,
  PRIMARY KEY (`id`)
) ENGINE=InnoDB AUTO_INCREMENT=8 DEFAULT CHARSET=utf8;

/*Data for the table `course` */

insert  into `course`(`id`,`title`) values (4,'考研政治'),(6,'计算机网络'),(7,'数据库系统概论');

/*Table structure for table `example` */

DROP TABLE IF EXISTS `example`;

CREATE TABLE `example` (
  `id` int(11) NOT NULL AUTO_INCREMENT,
  `title` varchar(100) DEFAULT NULL,
  `creator` int(11) DEFAULT NULL,
  `course` int(11) DEFAULT NULL,
  `chapter` int(11) DEFAULT NULL,
  `section` int(11) DEFAULT NULL,
  `rank` tinyint(4) DEFAULT NULL,
  `digest` varchar(400) DEFAULT NULL,
  `content` varchar(8000) DEFAULT NULL,
  `hint` varchar(400) DEFAULT NULL,
  `answer` varchar(8000) DEFAULT NULL,
  `status` tinyint(4) DEFAULT NULL,
  `priority` tinyint(4) DEFAULT NULL,
  `timeCreated` datetime DEFAULT NULL,
  `timeModified` datetime DEFAULT NULL,
  PRIMARY KEY (`id`)
) ENGINE=InnoDB AUTO_INCREMENT=210 DEFAULT CHARSET=utf8;

/*Data for the table `example` */

insert  into `example`(`id`,`title`,`creator`,`course`,`chapter`,`section`,`rank`,`digest`,`content`,`hint`,`answer`,`status`,`priority`,`timeCreated`,`timeModified`) values (8,NULL,NULL,4,1,NULL,1,NULL,'[选择题] 马克思主义哲学与唯心主义哲学、旧唯物主义哲学的根本区别在于\nA．坚持人的主体地位\nB．坚持用辩证发展的观点去认识世界\nC．坚持物质第一性、意识第二性\nD．坚持从客观的物质实践活动去理解现实世界',NULL,'D',0,NULL,'2019-08-30 18:27:36','2019-08-30 18:27:36'),(9,NULL,NULL,4,1,NULL,1,NULL,'[选择题] 最近，由多国科学家组成的团队利用一台粒子加速器，让两束原子在一个圆环轨道上做高速运动，发现这些原子自身的时间确实比外界时间慢了。这项实验进一步证明了作为物质运动存在形式的时间具有\nA．客观性 B. 有限性\nC. 相对性 D. 一维性',NULL,'C',0,NULL,'2019-08-30 18:46:27','2019-08-30 18:46:27'),(10,NULL,NULL,4,1,NULL,1,NULL,'[选择题] 在听完一位成功的企业家讲课后，一些来自企业的学员感到有些失望，便问他：\"你讲的那些内容我们也差不多知道，可为什么我们之间的差距会那么大呢？\"这位企业家回答说：\"那是因为你们仅是知道，而我却做到了，这就是我们的差别。\"这句话表明了实践高于理论认识，因为实践具有\nA. 普遍有效性 B. 客观规律性\nC. 主体能动性 D. 直接现实性',NULL,'D',0,NULL,'2019-08-30 18:47:19','2019-08-30 18:47:19'),(11,NULL,NULL,4,1,NULL,1,NULL,'[选择题] \"文化蕴藏着巨大的力，这种‘力\'不同于物理学上的‘力\'，物理的‘力\'是人类用来‘化\'自然界的，文化的‘力\'是用来‘化\'自身的。\"这一说法表明\nA. 文化具有培育和塑造人的功能 B. 文化构造了人的本质\nC. 文化是社会发展的主导力量 D. 文化是历史进步的源泉',NULL,'A',0,NULL,'2019-08-30 18:49:07','2019-08-30 18:49:07'),(12,NULL,NULL,4,1,NULL,1,NULL,'[选择题] 马克思通过对资本主义生产中价值增值过程的分析，把雇佣工人的劳动时间分为\nA. 生产使用价值的时间和生产价值的时间\nB. 转移旧价值的时间和创造新价值的时间\nC. 生产生产资料价值的时间和生产剩余价值的时间\nD. 在生产劳动力价值的时间和生产剩余价值的时间',NULL,'D',0,NULL,'2019-08-30 18:49:34','2019-08-30 18:49:34'),(13,NULL,NULL,4,1,NULL,1,NULL,'[选择题] 某块土地，地租为200万元，土地价格为4000万元。若银行存款利息率不变，该土地的地租增加到300万元时，银行存款利息率和土地价格分别是\nA. 5%、9000万元 B. 5%、6000万元\nC. 6%、9000万元 D. 6%、6000万元',NULL,'B',0,NULL,'2019-09-02 08:46:43','2019-09-02 08:46:43'),(14,NULL,NULL,4,1,NULL,1,NULL,'[选择题] 在完善社会主义市场经济体制过程中，要加快建立覆盖城乡居民的社会保障体系，其基本目标是\nA. 保障人民基本生活 B. 促进社会经济增长\nC. 实现充分就业 D. 使更多的劳动者拥有财产性收入',NULL,'A',0,NULL,'2019-09-02 08:47:09','2019-09-02 08:47:09'),(15,NULL,NULL,4,1,NULL,1,NULL,'[选择题] 在孙中山的思想中，\"平均地权\"、\"节制资本\"属于\nA. 民族主义 B. 民权主义\nC. 民生主义 D. 民主主义',NULL,'C',0,NULL,'2019-09-02 08:47:36','2019-09-02 08:47:36'),(16,NULL,NULL,4,1,NULL,1,NULL,'[选择题] 1927年9月下旬，毛泽东率领秋收起义的部队来到江西省永新县三湾村，进行了著名的三湾改编，确立了人民军队建设的根本原则，这一原则是\nA. 党指挥枪 B. 官兵平等\nC. 拥政爱民 D. 一切行动听指挥',NULL,'A',0,NULL,'2019-09-02 08:47:48','2019-09-02 08:47:48'),(17,NULL,NULL,4,1,NULL,1,NULL,'[选择题] 我国对个体手工业进行社会主义改造的主要方式是\nA. 赎买 B. 统购统销\nC. 公私合营 D. 合作化',NULL,'D',0,NULL,'2019-09-02 08:48:00','2019-09-02 08:48:00'),(18,NULL,NULL,4,1,NULL,3,NULL,'[分析题] 最近，四川省搞了一次\"医患换位体验\"活动，让医生以患者的身份挂号、排队、看病、拿药......结果，医生跑前跑后，既受累又受气，一名全程体验了\"患者\"的医生感慨道：\"医生就像拿着个遥控器，把患者指挥得团团转，当患者确实很苦。\"\n美国医生爱德华?罗森邦行医50年，忽然患上了喉癌，当他重新审视医学、医院和\n医生时，感慨地说：\"站在我病床边和躺在病床上所看到的角度完全不同\"。他后来在《亲尝我自己的药方》一书中写道：\"如果我能从头来过的话，我会以完全不同的方式行医，很不幸的是，生命不给人这种重新来过的机会。\"\n多年前，有位年轻医生患上甲状腺病，当中国医学科学院著名头脑外科专家屠规益为他主刀。当手术结束是，屠教授低下身来说：\"对不起，让您受苦了！\"这是屠教授术后经常对病人说的一句话，虽然简短，却让这位年轻医生深感震撼。\n著名医学家袁法祖早年从医，曾在老师的带领下，为一名中年妇女进行开腹手术。术后没几天，那名妇女就去世了，经解剖发现，患者的死亡与手术并无关系，当时，袁法祖的老师轻轻说了句，\"她是4个孩子的妈妈\"，就是这句简单的话，让袁法祖至今念念不忘，他知道这句话包含了多少情感，懂得了一生的哦责任有多重大：医生不仅要看到人身上的病，更要看到生病的人。\n结合材料回答问题：\n（1）\"医生换位体验\"活动中蕴含着何种哲理？\n（2）从人的本质属性说明为什么\"医生不仅要看到人身上的病，更要看到生病的人\"。\n（3）你在现实生活中遇到类似医患关系的矛盾，按照矛盾辩证法该如何对待和处理？',NULL,'(1)“医患换位体验”活动中蕴含的哲理有：①实践的主体和客体及其相互作用原理。②矛盾同一性和斗争性相互联系、相互制约的原理。③认识的本质是在实践基础上主体对客体的能动反映原理。\n(2)凡是人身上具有的特性和属性，都可以叫做人性。人性或人的属性可分为自然属性和社会属性。人的社会属性是指人作为社会存在物而具有的特征，如劳动、交往和意识及其所形成的各种社会关系等等。人的社会属性是人所特有的属性，是人的本质属性。这种属性是在人的后天实践活动和交往活动中形成的和不断改变的。以人为本。\n(3)矛盾分析法包含广泛而深刻的内容。例如，分析矛盾特殊性的方法，“两点论”与“重点论”相结合的方法，抓关键、看主流的方法，在对立中把握同一与在同一中把握对立的方法等，都是矛盾分析法的具体体现。',0,NULL,'2019-09-02 08:49:34','2019-09-02 08:49:34'),(19,NULL,NULL,4,1,NULL,3,NULL,'[分析题] IBM公司是世界上最大的信息工业跨国公司之一，从上世纪50年代其致力于计算机行业，并很快在大型计算机业务上占据了统治地位。IBM生产的计算机在技术上常常是最先进的，在某些情况下，他们即使不是最好的，但由于出色的服务和技术支持，他们仍有卓越的信誉。\n在整个60年代和70年代，虽然有Control data，Honeywell、Sperry Univac、Burroughs和NCR等企业的竞争，但这些公司都不是其对手，到1980年为止，IBM仍占据全球大型计算机市场超过80%的份额。大型计算机是IBM的\"金母鸡\"，毛利高达70%。\n80年代，随着个人计算机和工作站所连接成的网络逐渐取代大型机，日本、欧洲共同体和美国国内许多资本、技术雄厚的企业纷纷涉足这一高风险、高效益的领域。在与苹果、康柏、东芝、戴尔等企业激烈竞争中IBM公司开始走下坡路。\n迫于竞争的压力，90年代IBM公司进行了组织改造以降低成本、进行资产重组和资本运营，使公司的股票价格扶摇直上；精选经营战略转型，在保持计算机硬件领域领先地位的同时，成功地实现了向软件服务等高利润领域的转移；实施竞争战略调整，全面提升企业竞争里，重塑其昔日的辉煌。\nIBM确立的战略目标是：在所处产业的所有领域都能实现高增长率；在所有领域都有技术和质量卓越的产品，并发挥领导作用；在生产、销售、服务和管理的所有业务活动上，实现最高的效率；确保企业成长所需要的高利润，以便在产业中具有不可动摇的地位。\n目前，计算机技术正在向更加\"开放型系统\"的方向发展。往往主机是一个公司制造的，显示器是另一个公司的；打印机又是第三个公司的，软件是第四个公司的，这些组合起来使整个系统得以运行。在新的技术基础上，计算机行业的企业组织趋向网络化发展，IBM公司面临着新的竞争挑战。IBM公司在垄断和竞争中寻求着未来的发展。\n（摘编自【美】JE斯蒂格利茨：《<经济学>》小品和案例及新华网有关资料）\n结合资料回答问题：\n(1) 用IBM的案例说明垄断和竞争的关系。\n(2) 从IBM公司的发展过程总结垄断资本条件下竞争的新特点。',NULL,'(1)垄断是在自由竞争的基础上作为竞争的对立物而产生的，但垄断并没有也不可能消除竞争，而是凌驾于竞争之上，与之并存。垄断资本主义阶段存在竞争的主要原因：一是垄断没有消除以资本主义私有制为基础的商品经济；二是不存在由一个垄断组织囊括一切部门、一切企业的绝对垄断。社会经济活动中仍存在大量的非垄断企业，它们之间的竞争是不可避免的。三是垄断组织之间的竞争也始终存在。\n(2)垄断资本主义阶段，竞争不仅存在而且在竞争内容、形式、目的、手段上都有新的特点。垄断条件下的竞争内容有：垄断组织内部为争夺产销份额和领导权的竞争；垄断组织之间的竞争；垄断组织与非垄断组织之间的竞争；非垄断的中小企业之间的竞争。垄断条件下竞争的主要目的是要获取高额垄断利润和巩固、扩大已有的垄断地位。竞争的手段更加多样，不仅有经济的，还有政治的，甚至采取暴力来消灭竞争对手；竞争的规模扩大，范围遍及各个领域和部门，并由国内扩展到国外，竞争的程度更为激烈，时间更持久，破坏性后果也更加严重。',0,NULL,'2019-09-02 08:58:01','2019-09-02 08:58:01'),(20,NULL,NULL,4,1,NULL,5,NULL,'[材料题] \n材料1\n2007年是\"卢沟桥事变\"70周年，也是中日邦交正常化35周年，温家宝总理应邀于4月中旬对日本进行了正式访问，在两国发表的《中日联合新闻公报》中，确认双方将继续遵循《中日联合声明》、《中日和平友好条约》和《中日联合宣言》的各项原则，努力构筑\"基于共同战略利益的互惠关系\"。\n温总理在日本国会众议院发表的演讲中，引用日本的谚语\"尽管风在呼啸，山却不会移动\"形容中日关系，引起日本国会议员们的广泛共鸣。\n日本防卫大臣石破茂在为中国军舰\"深圳\"号访日举行的招待会上致词说，实现两国军舰互访，必将促进两国防务领域的深入交流，进一步提高彼此之间的信任关系，推进双方战略互惠关系向前发展。\n材料2\n日本首相福田康夫就职后明确表示，他作为首相不会支参拜靖国神社，他在就中日邦交正常化35周年致温家宝的贺信中说：\"日中两国在地理上是无法迁移的\"一衣带水\"的邻邦，不论今后国际形势如何变化，日中关系对两国而言乃为最重要的双边关系之一却是不会改变的，我愿意致力于构筑日中战略互惠关系。\n曾480余次访华的日中协会理事长白西绅一郎认为，发展日中战略互惠关系，除了要\"政治、经济两个轮子一起转\"之外，还应特别注重扩大日中民间关系，这样才能夯实日中战略互惠关系的基石。\n据日本海关统计，2007年1月-9月，日中双边贸易额为1715.3亿美元，同比增长12.1%，其中，日本向中国出口786.3亿美元，增长17.8%，日本自中国进口929.0亿美元，增长7.7%，日本贸易逆差142.7亿美元，减少26.7%，中国继续保持日本第二大出口目的地和第一大进口来源国的地位。\n（摘自商务部两国别数据库）\n结合材料回答问题：\n（1）中日两国\"战略互惠关系\"的基本精神是什么？\n（2）分析温家宝总理用\"尽管风在呼啸，山却不会移动\"形容中日关系的寓意。',NULL,'(1)中日战略互惠关系基本精神包括以下原则：增进互信，信守承诺；顾全大局，求同存异；平等互利、共同发展；面向未来，加强交流；密切磋商，应对挑战。\n(2)温家宝总理用“尽管风在呼啸，山却不能移动”说明，中日关系在历史上虽然历经艰难曲折，甚至遭受过严重挫折，在今天，也还存在着诸如历史问题、台湾问题、钓鱼岛和东海权益等问题，但是，中日两国人民友好合作关系是历史发展的主流，是不以任何人的意志为转移的。这是因为中日双方存在着广泛的共同利益，中日两国人民友好合作关系的发展符合两国人民的根本利益，对维护东北亚的和平与稳定乃至世界的和平与发展具有重要作用。从这个角度来讲,只要双方能够本着“以史为鉴、面向未来”精神，妥善解决好双方存在的问题，中日战略互惠关系基础就是不可动摇的，中日中日战略互惠关系的未来就是光明的。',0,NULL,'2019-09-02 08:59:27','2019-09-02 08:59:27'),(21,NULL,NULL,4,1,NULL,4,NULL,'[材料题] \n材料1\n联合国政府间气候变化专门委员会在2007年2月2日就气候问题发出了警告：从现在开始到2100年，全球平均气温的\"最可能升高幅度\"是1.8摄氏度至4摄氏度，海平面升高幅度是18厘米至58厘米。美国著名智库国际战略研究所的报告认为，\"如果温室气体排放仍得不到控制，其灾难性后果不亚于发生一场核战争。\"\n材料2\n现在国际上担心中国很快就会成为世界头号污染物排放国：而且再过25年，中国温室气体排放量将超过其他发达国家总各。......中国的高速崛起，会用掉全球大半的能源，加重能源危机；由于巨大的污染物和温室气体的排放量，中国将成为全球最大的污染源，中国是气候变化的主要威胁。\n材料3\n从1950年到2002年，中国化石燃料排放的二氧化碳占世界同期累计排放量的9.33%（同期发达国家排放量占77%，而此前的200年间，发达国家更是占到95%）；1950年到2002年的50多年间，中国人均排放量居世界第92位，从单位GDP二氧化碳排放的弹性系数看，1990年到2004年的15年间，单位GDP每增长1%，世界平均二氧化碳排放增长0.6%，中国增长0.38%。\n（摘自国家发改委主任马凯在国务院新闻办新闻发布会上的讲话）\n2007年12月14日，刚刚参加完印尼巴厘岛联合国气候变化大会的世界银行行长佐利克来到中国，针对近年来中国为节能减排所付出的努力，佐利克说，中国已经形成强烈共识，在发展经济的同时更关注环境保护，并提出了科学发展观。他认为，中国政府在降低能耗、提高车辆能将标准，以及发展全球碳市场等方面发挥了重要作用。......这不仅对中国本身发展意义重大，也将为全球应对气候变化挑战做出贡献。\n（摘自中国广播网有关报道）\n结合材料回答问题：\n（1）上述材料中所反映的气候变化的严峻事实对我们理解自然环境在社会发展中的作用有何启示？\n（2）评析\"中国气候威胁论\"并指出中国应对气候变化问题的战略选择。',NULL,'(1)从材料上看出来，自然环境提供社会所需要的物质资料的天然来源.是社会赖以存在和发展的必要前提，对社会发展起重要的作用。由于地球上的自然资源是有限的，在一定的技术条件下，它的开发和利用是有限度的；同时地理环境是由各种自然条件所组成的有机整体，它们相互联系、相互作用，形成一个复杂的生态系统。当生态系统保持适当平衡时.才能有利于人类的生存和社会的发展；当生态平衡受到破坏时，就会造成各种危害.人类就要受到自然界的惩罚。合理利用自然资源、保持生态平衡，是当代世界面临的重大课题之一，是实现可持续发展的重要条件。\n(2)从英国工业革命开始，工业化过程创造了大量财富，也以惊人的速度消耗了并仍在大规模地消耗着地球上的自然资源，严重破坏了生态平衡和人类的生存环境。在工业化过程中形成的自然环境恶化、资源短缺等全球性经济问题，西方发达国家应负主要责任。在气候问题上，有些人宣传\"中国气候威胁论\"、\"中国环境威胁论\"，这既不客观也不公正，甚至是别有用心的。事实上，在温室气体排放问题上，不论从中国的历史累计排放量、人均排放水平或者从中国单位GDP二氧化碳排放的弹性系数看，宣传\"中国气候威胁论\"、\"中国环境威胁论\"，都是错误的。\n中国坚持贯彻以人为本、全面协调可持续发展的科学发展观，积极推动经济社会又好又快发展，走生产发展、生活富裕、生态良好的文明发展道路。尽管目前中国的人均二氧化碳排放不到发达国家平均水平的三分之一，但中国政府高度重视气候变化，采取了一系列减缓温室气体排放的政策措施。主要包括：①推进技术进步，提高能源利用效率;②发展低碳能源和可再生能源，改善能源结构;③开展植树造林，加强生态保护;④实行计划生育，减缓人口增长;⑤加强法制建设，开展全民教育。',0,NULL,'2019-09-02 09:00:29','2019-09-02 09:00:29'),(24,NULL,NULL,4,2,NULL,1,NULL,'[选择题] 物质和意识的对立只有在非常有限的范围内才有绝对的意义，超过这个范围便是相对的了，这个范围是指（ ）\nA．物质和意识何者为第一性\nB．物质和意识是否具有统一性\nC．物质和意识何者更为重要\nD．物质和意识何者与社会生活的关系更密切',NULL,'A',0,NULL,'2019-09-02 09:15:00','2019-09-02 09:15:00'),(25,NULL,NULL,4,2,NULL,1,NULL,'[选择题] 1978年关于真理标准大讨论是一场新的思想解放运动。实践之所以成为检验真理的唯一标准是由（ ）\nA．真理的主观性和实践的客观性所要求的\nB．真理的相对性和实践的决定性所预设的\nC．真理的属性和实践的功能所规定的\nD．真理的本性和实践的特点所决定的',NULL,'D',0,NULL,'2019-09-02 09:15:37','2019-09-02 09:15:37'),(26,NULL,NULL,4,2,NULL,1,NULL,'[选择题] 近年来马克思的《资本论》在西方一些国家销量大增。列宁曾说，马克思的《资本论》的成就之所以如此之大，是由于这本书使读者看到整个资本主义社会社会形态是个活生生的形态，既有\"骨骼\"，又有\"血肉\"。人类社会作为一种活的有机体，其\"骨骼\"系统是指（ ）\nA．地理环境、人口因素和生产方式等社会物质生活条件\nB．与一定的生产力相适应的生产关系\nC．建立在一定经济基础之上的政治法律制度及设施\nD．由政治法律思想、道德、宗教、哲学等构成的社会意识形态',NULL,'B',0,NULL,'2019-09-02 09:16:08','2019-09-02 09:16:08'),(27,NULL,NULL,4,2,NULL,3,NULL,'[选择题] 卢梭在《论人类不平等的起源和基础》中说道：\"我认为，在人类的一切知识中，最有用但也最不完善的知识就是关于人的知识。\"马克思的唯物史观破解了认识什么这一\"斯芬克斯之谜\"，马克思在《关于费尔巴哈的提纲》中指出，人的本质在其现实性上是（ ）\nA．自然属性和社会属性的内在统一\nB．所有人共同属性的概括\nC．一切社会关系的总和\nD．自有理性的外化',NULL,'C',0,NULL,'2019-09-02 09:31:19','2019-09-02 09:31:19'),(28,NULL,NULL,4,2,NULL,1,NULL,'[选择题] 流通中的货币需要量是考察经济生活运行的重要指标，假设某国去年的商品价格总额为24万亿元，流通需要量为8亿元，若今年该国商品价格总额增长10%，其他条件不变，今年流通中需要的货币量（ ）\nA.4.2亿元 B.3.5亿元C.8.8亿元 D.2.4亿元',NULL,'C',0,NULL,'2019-09-02 09:31:48','2019-09-02 09:31:48'),(29,NULL,NULL,4,2,NULL,1,NULL,'[选择题] 国家垄断资本主义条件下，政府对经济生活进行干预和调节的实质是（ ）\nA．维护垄断资产阶级的整体利益和长远利益\nB．维持资本主义经济稳定增长\nC．消除或防止经济危机的爆发\nD．提高资本主义社会的整体福利水平',NULL,'A',0,NULL,'2019-09-02 09:33:10','2019-09-02 09:33:10'),(30,NULL,NULL,4,2,NULL,2,NULL,'[选择题] 某钢铁厂因铁矿石价格上涨，增加了该厂的预付资本数量，这使得该厂的资本构成产生了变化，所变化的资本构成是（ ）\nA、资本技术构成\nB、资本价值构成\nC、资本物质构成\nD、资本有机构成',NULL,'B',0,NULL,'2019-09-02 09:37:50','2019-09-02 09:37:50'),(31,NULL,NULL,4,2,NULL,2,NULL,'[选择题] 1925年毛泽东在《中国社会各阶级的分析》中指出，中国过去一切革命斗争成效甚少的主要原因（ ）\nA、没有找到革命的新道路\nB、没有扩大民主主义宣传\nC、没有到群众中做实际的调查\nD、没有团结真正的朋友以攻击真正的敌人',NULL,'D',0,NULL,'2019-09-02 09:38:18','2019-09-02 09:38:18'),(32,NULL,NULL,4,2,NULL,1,NULL,'[选择题] 延安时期，毛泽东写下了著名的《实践论》、《矛盾论》主要是为了克服党内严重的（ ）\nA、经验主义\nB、冒险主义\nC、机会主义\nD、教条主义',NULL,'D',0,NULL,'2019-09-02 09:38:40','2019-09-02 09:38:40'),(33,NULL,NULL,4,2,NULL,1,NULL,'[选择题] 中共七届二中全会，党制定和执行新民主主义经济建设的方针是（ ）\nA、既反保守又反冒进，在综合平衡中稳步前进\nB、公私兼顾、劳资双利、城乡互助、内外交流\nC、调整、巩固、充实、提高\nD、实现速度、结构、质量的统一',NULL,'B',0,NULL,'2019-09-02 09:39:01','2019-09-02 09:39:01'),(34,NULL,NULL,4,2,NULL,3,NULL,'[分析题] \n华佗是我国东汉名医。一次，府吏倪寻和李延俩人均头痛发热。一同去请华佗诊治，华佗经过仔细的望色、诊脉，开出两付不同的处方。给倪寻开的是泻药，给李延开的是解表发散药。二人不解：我俩患的是同一症状，为何开的药方却不同呢？是不是华佗弄错了？于是，他们向华佗请教。华佗解释道：倪寻的病是由于饮食过多引起的，病在内，应当服泻药，将积滞泄去，病就好了。李延的病是受凉感冒引起的，病在外，应当吃解表药，风寒之邪随汗而去，头痛也就好了。你们症状相似，但病因相异，所以治之宜殊。二人拜服，回家后各自将药熬好服下，很快都痊愈了。\n中医是我国宝贵的医学遗产，强调辩证施治。华佗对症下药治头痛发热的故事蕴含丰富的辩证法思想。\n（1）指出其中所涉及的唯物辩证法基本范畴并分析其内涵。\n（2）这个故事对我们理解\"具体问题具体分析\"有何启示？',NULL,'（1）华佗对症下药治头痛发热的故事所涉及的唯物辩证法基本范畴主要有：第一，现象和本质的辩证关系。现象和本质是揭示客观事物的外部表现和内部联系相互关系的范畴。现象是事物的外部联系和表面特征。本质是深藏于现象背后并制约现象的内部联系。本质和现象既有区别，又相互统一。华佗对症下药是透过头痛发热的现象，运用科学的方法，发现了疾病的本质。\n第二，原因和结果的辩证关系。原因和结果是揭示事物的前后相继、彼此制约的关系范畴。唯物辩证法把这种引起与被引起的关系，称为因果关系或因果联系。其中，引起某种现象的现象叫原因 ，而被某种现象所引起的现象叫结果 。因果联系的特点是：因果联系是有时间顺序的联系，总是原因在前结果在后，但并不是任何前后相继的现象都存在着因果联系。原因和结果的关系是辩证的：原因和结果的区分既是确定的，又是不确定的；原因和结果是相互依存、相互作用、相互转化的；原因和结果的关系是复杂多样的。引起头痛发热这一结果的病因是复杂多样的，华佗运用科学的方法，发现了不同的病因，才做到了对症下药。\n（2）矛盾特殊性原理和矛盾普遍性和特殊性的辨证关系原理都要求具体问题具体分析，具体问题具体分析是马克思主义活的灵魂。华佗对症下药治头痛发热的故事说明，要在实践中真正做到\"具体问题具体分析\"启示有：第一，一切要从实际出发；第二，我们能够通过现象认识事物的本质，同时又要求人们透过现象看本质。透过现象揭示本质是科学研究的任务。第三，正确把握事物的因果联系是提高实践活动自觉性和有效性的必要条件；第四，要注意使用科学的方法。',0,NULL,'2019-09-02 09:40:07','2019-09-02 09:40:07'),(35,NULL,NULL,4,2,NULL,4,NULL,'[材料题] \n材料1\n从1978年到2007年，我国国内生产总值由3645亿元增长到2495万亿元，平均实际增长9.8%，是同期世界经济平均增长率的3倍多，我国经济总量上升为世界第四。\n从1978年到2007年，我国进出口总额从206亿美元提高到21737亿美元，跃居世界第三位。外汇储备从长期没有达到10亿美元，提高到2007年的1.5万亿美元左右，成为世界上拥有外汇储备最多的国家。\n从1978年到2007年，全国城镇居民人均可支配收入由343元增加到13786元，实际增长6.5倍。农民人均纯收入则由134元增加到4140元，实际增长6.3倍；农村贫困人口从2.5亿减少到1400多万。--摘自胡锦涛在纪念十一届三中全会30周年大会上的讲话\n材料2：\n改革开放以来我们取得一切的成绩和进步的根本原因，归结起来就是：开辟了中国特色社会主义道路，形成了中国特色社会主义理论体系。高举中国特色社会主义伟大旗帜，最根本的是要坚持中国特色社会主义道路和中国特色社会主义理论体系。\n--摘自中国十七大报告\n（1） 改革开放30年来，我国经济体制下进行了哪些改革创新才带来了上述变化\n（2） 简述中国特色社会主义理论体系的组成部分及其所要回答的基本问题',NULL,'（1）改革开放30年来，我们锐意推进的经济体制改革，使我国成功实现了从高度集中的计划经济体制到充满活力的社会主义市场经济体制的伟大历史转折。我们建立和完善社会主义市场经济体制，建立以家庭承包经营为基础、统分结合的农村双层经营体制，形成公有制为主体、多种所有制经济共同发展的基本经济制度，形成按劳分配为主体、多种分配方式并存的分配制度，形成在国家宏观调控下市场对资源配置发挥基础性作用的经济管理制度。正是这些方面的改革创新才带来了上述变化。\n（2）中国特色社会主义理论体系，就是包括邓小平理论、\"三个代表\"重要思想以及科学发展观等重大战略思想在内的科学理论体系。 中国特色社会主义理论体系，不断探索和回答的基本问题包括：什么是社会主义、怎样建设社会主义，建设什么样的党、怎样建设党，实现什么样的发展、怎样发展等重大理论和实际问题。',0,NULL,'2019-09-02 09:41:52','2019-09-02 09:41:52'),(36,NULL,NULL,4,2,NULL,3,NULL,'[材料题] \n材料1：\n如果美国不援助欧洲，它们在经济、政治和社会关系各方面都将有窒息之虞，美国这次\"援欧不同与以往，不是向个别国家提供零星援助。我们的政策不是反对任何国家，任何主义，而是反对饥饿，贫穷，悲惨，混乱。我们的任务是唤起合理经济的再生，促进政治社会的结构容纳自由制度存在。任何企图阻碍别国复兴的政府都不会得到我们的帮助。任何政府、党派为图政治私利或其他打算，不惜延续人类痛苦的，必将遭到美国的反对。\n摘编自马歇尔在哈佛大学的演讲（1947年6月5日）\n材料2：\n2002年1月，美国国务卿鲍威尔访问尼泊尔，主要讨论反恐合作问题，此后，美国每年向尼泊尔提供4000万美元的\"经济援助\"。2003年11月3日美国国会批准了向伊拉克和阿富汗提供875亿美元的军事行动及重建援助的拨款法案。西方把这些经济援助和重建计划称为\"新马歇尔计划\"。\n伊拉克已探明拥有1100亿桶的石油储藏，远景储藏达2200亿桶，开采成本每桶仅3-4美元。2003年12月，美国国防部公布了伊拉克重建项目中总价值达186亿美元的26个重大工程合同，同时以维护美国的\"基本安全利益\"为由，决定剥夺包括德，法，俄罗斯，加拿大等在内的100多个曾经反对美国发动伊拉克战争以及拒绝向伊拉克派兵的国家参与上述合同的竞标资格。首批约9亿美元的伊拉克重建合同均在暗盘交易下完成，中标的是清一色的美国公司，而这些公司无不与美国政府有着紧密的联系。\n摘编自人民网\n材料3：\n法国前情报员达尼埃尔•雷米在其所著《谁欲杀死法兰西》一书中认为美国已经发动了一场看不见的\"经济战争\"，旨在征服欧洲。1995年至1999年间，美国每年立案的反倾销和反补贴调查中，有1/4是针对欧盟的。德国和法国不赞成美国对伊拉克动武，惹怒了美国，美前国防部长拉姆斯菲尔德抨击两国\"有问题\"；时任美国总统国家安全事务助理的赖斯，把包括法国与德国在内的反战政府比作是二战前法国对纳粹德国的\"姑息主义\"，引起德法等国不满，美前国务卿基辛格认为，在伊拉克问题上的分歧，已经在大西洋联盟中产生了自他50年前成立以来最为严重的危机。\n摘编自中国网\n（1） 结合材料一、二比较\"马歇尔计划\"和\"新马歇尔计划\"的异同\n（2）结合材料一、三剖析近些年来美、欧在处理国际事务中，显现的分歧和原因',NULL,'（1）相同点有：\"马歇尔计划\"和\"新马歇尔计划\"的首要目标都是称霸世界，是维护和扩大美国在世界的霸权地位；本质都是推行霸权主义和强权政治，是由其资本主义生产方式的内在属性即经济的扩张性所决定的。\n不同点是：\"马歇尔计划\"是在两极格局形成的冷战时期提出的，主要目的是进一步实现同西欧结盟，遏制苏联：\"新马歇尔计划\"是在冷战结束之后，美国成为唯一的超级大国，世界政治多极化在曲折中发展时期提出的，主要目的是以\"反恐合作\"为名，进一步加强对中东石油资源的控制，并实现对中国的战略合围。\n（2）近些年来，美国在处理国际事务中，主张建立以美国为主导、美国模式为样板的国际新秩序，实质是要实现美国独霸世界的目的。 欧盟在国际事物中，正积极争取成为世界的重要一极，主张建立以美欧日为主导的国际新秩序。它们之间的分歧．主要原因在于争夺建立所谓的\"国际新秩序\"的主导权。',0,NULL,'2019-09-02 09:43:19','2019-09-02 09:43:19'),(37,NULL,NULL,4,2,NULL,3,NULL,'[材料题] \n材料1：\n近些年来，越来越多的国家和国际知名人士开始关注中国，07年4月17号本哈拉与吴××，表扬中国对苏丹做的建设性的有独特影响力的作用对东盟发展很支持，东盟赞扬中国支持东盟对地区发展给予的大力支持以及所发挥的建设性作用让东盟信服。\n材料2：\n改革开放以来，中国政府和人民高举和平、发展、合作的旗帜\n中国签订了多个公约，参加了多个组织、活动、会议、援助了很多国家\n中国修了好多铁路，维和运动、排雷、举措，2008年先后有三名军官和无名士兵在执行维和任务中牺牲。\n摘自理论热点面对面2008\n（1） 中国在国际事务中的贡献主要表现在哪些方面？\n（2） 改革开放30年来我国为什么会有这些表现？',NULL,'（1）中国是当今世界重要的政治力量，是维护世界和平和地区稳定的坚定力量。中国不仅是地区性的也是具有全球性影响的大国，在国际事务中发挥自己独特的作用。具体表现在：中国综合国力的增强，推动着人类进步事业的前进与发展；中国是第三世界大国，对第三世界有着重大的影响，中国的进步与发展，增强了第三世界维护和平、促进发展的力量；中国一贯坚持独立自主的和平外交政策，在稳定国际局势，抑制战争，维护世界和平中有举足轻重的作用；中国作为代表第三世界的惟一的联合国常任理事国，在联合国中正确地利用自己的影响和作用，力争使联合国摆脱霸权主义和强权政治的控制，为世界和平与发展做出重要贡献；中国作为最大的发展中国家，在经济上为发展中国家摆脱贫困提供了可资借鉴的有益经验；占世界人口1/5以上的中国所取得的成就，本身就是对世界进步、和平与发展的重大贡献，对建立和平、稳定、公正、合理的国际政治经济新秩序起着不可忽视的作用。\n（2）改革开放30年来我国之所以会有这些表现主要是因为，我们坚持独立自主同参与经济全球化结合起来，统筹好国内国际两个大局，为促进人类和平与发展的崇高事业作出贡献。３０年来，我们既高度珍惜并坚定不移地维护中国人民经过长期奋斗得来的独立自主权利，又坚持对外开放的基本国策，始终站在国际大局与国内大局相互联系的高度审视中国和世界的发展问题，思考和制定中国的发展战略，坚持独立自主的和平外交政策，坚持和平发展道路，坚持互利共赢的开放战略，推动建设持久和平、共同繁荣的和谐世界，为我国发展争取良好国际环境，也为世界和平与发展作出重要贡献。',0,NULL,'2019-09-02 09:43:50','2019-09-02 09:43:50'),(38,NULL,NULL,4,2,NULL,3,NULL,'[分析题] \n在《人民日报》\"说句心里话\"栏目，重庆市城乡统筹综合改革先行示范区的一位农民说出了这样的心里话：\n这些年，党和政府在想办法给农民更多实惠，直补种粮农民，免除了农业税，让我们参加了新型农村合作医疗，这些以前真是想都不敢想啊！\n现如今，我们这个村先搞了\"农民转市民\"试点，全村131人今年全部将农村户口转为城镇户口，由农民开始变为市民啦！\n我家承包的土地自愿流转给集体统一经营，每亩补贴我们青苗费4880元，以后每年按照亩产1000斤粮食的市场价补偿我们，村里把流转出来的土地集中起来，引进一些现代农业项目，经营赚了钱，我们可以分红，这些项目优先从村里招聘劳动力，我儿子就可以回来打工，离我们更近了。以前大家都出去打工，地荒在那里，流转以后可以提高土地利用效率，我们又能从中受益，对村里经济也有好处。\n我们现在住的房子是17年前盖的，已经破旧了，根据农民转市民的政策，房了拆迁以后，会补偿给我们两套75平方米的搂房，新房子离这不远，政府承诺我们明年9月搬家。\n最高兴的是变市民以后，参加了基本养老保险，像我们这样的老人，一次性缴4320元钱，男的从60岁起，女的从55岁起，就可以每个月领156元养老金。\n结合材料回答问题：\n（1）结合我国农村改革发展的历史进程，说明为什么一些过去农民\"想都不敢想\"的问题现在已经解决或正在解决。\n（2）通过该示范区的变化，指出建设我国社会主义新农村的主要途径。',NULL,'(1)十一届三中全会以来，我国的农村改革实现了第一个飞跃，即是废除人民公社，实行家庭联产承包责任制。党对农业发展的政策，除了加强工业对农业的支持，国家对农业实行必要的保护政策以外，主要是指要深化对农业和农村经济体制的改革，在农村实行搞活经济和开放政策，调动农民的生产积极性，解放农村生产力。农村经济体制的改革是促进农业发展的巨大动力。当前，我国总体上已进入以工促农、以城带乡的发展阶段，初步具备了加大力度扶持“三农”的能力和条件。所以，一些过去农民“想都不敢想”的问题现在已经解决或正在解决。\n(2)按照生产发展、生活宽裕、乡风文明、村容整洁、管理民主的要求，扎实稳步推进新农村建设：一要发展现代农业。二要增加农民收入。三要改善农村面貌。四要、培养新型农民。五要增加农业和农村投入。坚持“多予少取放活”的方针，加快建立以工促农、以城带乡的长效机制。六要深化农村改革。同时，还应促进城镇化健康发展，要坚持大中小城市和小城镇协调发展.提高城镇综合承载能力，按照循序渐进、节约土地、集约发展、合理布局的原则，积极稳妥地推进城镇化，逐步改变城乡二元结构。',0,NULL,'2019-09-02 09:49:30','2019-09-02 09:49:30'),(39,NULL,NULL,4,3,NULL,1,NULL,'[选择题] 恩格斯说：“鹰比人看得远得多，但是人的眼睛识别东西远胜于鹰。狗比人具有敏锐得多的嗅觉，但是它连被人当做各种物的特定标志的不同气味的百分之一也辨别不出来。”人的感官的识别能力高于动物，除了人脑及感官发育得更加完善之外，还因为 ( ) \nA.人不仅有感觉还有思维   B.人不仅有理性还有非理性 \nC.人不仅有知觉还有想象   D.人不仅有生理机能还有心理活动',NULL,'A\n【答案解读】本题考核《马克思主义基本原理概论》第二章，第一节中人的意识起源和本质原理的知识点。\n　　意识的定义是：意识是人脑的机能，意识是对客观存在的反映。动物只有感觉和心理依赖，不可能产生意识的。只有人脑才具有意识，才有思维，才能在对客观世界反映的基础上，发挥人的主观能动性。所以，该题的正确选项是A。',0,NULL,'2019-09-02 13:18:41','2019-09-02 13:18:41'),(40,NULL,NULL,4,3,NULL,1,NULL,'[选择题] 有这样一道数学题：“90%×90%×90%×90%×90%=？其答案是约59%。90分看似一个非常不错的成绩，然而，在一项环环相扣的连续不断的工作中，如果每个环节都打点折扣，最终得出的成绩就是不及格。这里蕴含的辩证法道理是( ) \nA.肯定中包含否定              B.量变引起质变 \nC.必然性通过偶然性开辟道路    D.可能和现实是相互转化的',NULL,'B\n【答案解读】本题考核《马克思主义基本原理概论》第二章辩证法中量变和质变的知识点。\n　　事物发展过程有量变和质变两种状态，及其相互转化。量变是事物数量的增减和次序的变动，是保持了事物质的相对稳定性，体现了事物发展的连续性。质变是事物根本性的变化，体现了事物渐进性和连续性的中断。度是事物保持其质的量的界限。事物发展的量变到一定的程度必然引起质变。质变是量变必然的结果。题目中所说，“在一项环环相扣的连续不断的工作中，如果每个环节都打点折扣，最终得出的成绩就是不及格”这就是事物发展量变到一定的程度必须引起质变。因此，该题的正确选项是B。',0,NULL,'2019-09-02 13:21:37','2019-09-02 13:21:37'),(41,NULL,NULL,4,3,NULL,1,NULL,'[选择题] 在资本主义社会里，资本家雇佣工人进行劳动并支付相应的工资。资本主义工资的本质是( )\nA.工人所获得的资本家的预付资本   B.工人劳动力的价值或价格\nC.工人所创造的剩余价值的一部分   D.工人全部劳动的报酬',NULL,'B\n【答案解读】本题考核《马克思主义基本原理概论》第五章中，资本主义社会工人工资本质的知识点。\n　　在资本主义制度下，工人劳动力的价值和劳动创造的价值是不同的两个不等的量。如工人劳动力的价值是3元，而劳动创造的价值是5元，其中2元的差额就是资本家剥削工人的剩余价值。马克思认为，工人工资的本质是劳动力的价值或价格的转化形式，说明资本家所剥削到的剩余价值是雇佣工人创造的，这揭露了资本主义的剥削关系。马克思研究资本主义社会工人工资的关键是划分了劳动力和劳动的区别。因此，该题正确选择是B。',0,NULL,'2019-09-02 13:23:10','2019-09-02 13:23:10'),(42,NULL,NULL,4,3,NULL,2,NULL,'[选择题] 毛泽东曾在不同场合多次谈到，调查研究由两种方法，一种是走马看花，一种是下马看花。走马看花，不深入，还必须用第二种方法，就是下马看花，过细看花，分析一朵花。毛泽东强调“下马看花”的实际意义在于 ( ) \nA.解决实际问题必须要有先进理论的指导 \nB.运用多种综合方法分析调查研究的材料 \nC.马克思主义理论必须适合中国革命的具体实际\nD.只有全面深入了解中国的实际，才能找出规律',NULL,'D【答案解读】本题考核《“毛中特”》第一章马克思主义中国化基本理论的知识点。\n　　毛泽东同志一贯强调理论联系实际的学风，提出必须将马克思主义的基本原理和中国革命的实际相结合，才能解决中国革命的的问题。题目中说的“下马看花，过细看花，分析一朵花”就是要研究中国的国情，将马克思主义的基本理论和中国的实际结合起来，这完成马克思主义中国化的第一次飞跃，解决了中国革命的实际问题，提出了农村包围城市，武装夺取政权的理论。因此，本题的正确答案是选项D。',0,NULL,'2019-09-02 13:27:31','2019-09-02 13:27:31'),(43,NULL,NULL,4,3,NULL,1,NULL,'[选择题] 改革开放以来，我们党对公有制认识上的一个重大突破，就是明确了公有制和公有制的实现形式是两个不同层次的问题。公有制的实现形式是指资产或资本的 ( ) \nA.占有形式     B.分配形式\nC.所有权归属   D.组织形式和经营方式',NULL,'D\n【答案解读】本题考核《“毛中特”》第八章中公有制经济运行机制改革有关的知识点。\n　　我国的公有制经济形式有国有制经济、集体所有制经济和混合所有制经济中的公有制的形式。要巩固和发展公有制经济，要努力寻找能够促进生产力发展的公有制组织形式和经营方式。改革开放的实践证明，只要能够有利于生产力的发展，公有制的实组织形式和经营方式可以而且应当多样化，一切反映社会化生产规律的经营方式和组织形式都可以大胆利用。公有制不仅包括国有经济和集体经济，还可以采取股份合作制、合作制、股份公司等形式，在经营方式上可以实行租赁或者承包经营等方式。随着国有经济、集体经济改革的深化，多种所有制经济的发展，投资主体的多元化，公有制经济的实现形式一定会更加多样化。',0,NULL,'2019-09-02 13:29:11','2019-09-02 13:29:11'),(45,NULL,NULL,4,3,NULL,1,NULL,'[选择题] 2011年进行的全国县乡两级人大换届选举，是2010年3月选举法修改后首次实行城乡按相同人口比例选举人大代表。这是我国政治生活中的一件大事，它 ( ) \nA.更好地体现了人人平等、地区平等和民族平等 \nB.有利于党在国家政权中发扬民主、贯彻党的群众路线 \nC.集中反映了人民代表大会是人民当家作主的根本途径 \nD.表明我国人大代表的产生与西方议会议员的产生有根本区别',NULL,'A【答案解读】本题考核《“毛中特”》第九章中我国政治制度的内容。\n　　根据《中华人民共和国宪法》的规定，我国地方各级人民代表大会每届任期是5年，自2011年起，全国县、乡两级人大将进行新一轮换届选举工作。这次县、乡两级人大换届选举，是2010年3月选举法修改后首次实行城乡按相同人口比例选举人大代表，更好地体现人人平等、地区平等、民族平等，这是我国政治生活的一件大事。因此，该题的正确选项是A。',0,NULL,'2019-09-02 13:49:20','2019-09-02 13:49:20'),(46,NULL,NULL,4,3,NULL,1,NULL,'[选择题] 邓小平指出：“解决民族问题，中国采取的不是民族共和国联邦的制度，而是民族区域自治的制度。我们认为这个制度比较好，适合中国的情况。”我国实行民族区域自治的历史依据是 ( ) \nA。各民族聚居区发展的不平衡性 B。统一的多民族国家的长期存在和发展\nC。各民族大杂居、小聚居的人口分布格局 \nD。近代以来各民族在共同反抗外来侵略斗争中形成的爱国主义精神',NULL,'B\n【答案解读】本题考核《“毛中特”》第九章中少数民族内容的知识点。\n　　我国实行民族区域自治的制度是中国共产党解决民族问题的基本政策，是国家的一项基本的政治制度。这是我党根据我国的历史发展、文化特点、民族关系和民族分布等具体情况作出的制度安排，它的核心是保证少数民族当家作主，是符合我国各民族人民的共同利益和发展要求的。统一的多民族国家的长期存在和发展，是我国实行民族区域自治的历史依据。中国在历史上长期就是一个集中统一的国家，各民族之间虽有战有和，有统有分，但在漫长的历史进程中，认同自己是中国大家庭中的一员，始终是各民族关系的主流。因此，该题正确的选项是B。',0,NULL,'2019-09-02 13:50:10','2019-09-02 13:50:10'),(47,NULL,NULL,4,3,NULL,1,NULL,'[选择题] 19世纪40年代以后，资本帝国主义势力一次又一次地发动对中国的侵略战争，妄图瓜分中国、灭亡中国，但是，帝国主义列强并没有能够实现他们的这一图谋，其根本原因是( )\nA.中西文化存在巨大差异 \nB.中国经济政治发展不平衡 \nC.帝国主义列强之间的矛盾和相互制约 \nD.中华民族进行的不屈不饶的反侵略斗争',NULL,'D\n【答案解读】本题考核《中国近现代史纲要》第一章中帝国主义列强未能实现瓜分中国图谋的原因。\n　　19世纪40年代以后，资本帝国主义势力一次又一次地发动对中国的侵略战争帝国主义侵略中国的最终目的，就是要瓜分中国、灭亡中国，将中国变成它们的殖民地。帝国主义列强之所以没有能够实现瓜分中国的图谋，原因在于：第一，帝国主义之间矛盾重重，都想独霸中国，帝国主义列强独霸中国的矛盾是无法协调的。第二，中华民族进行的不屈不挠的反侵略斗争，这是最根本的原因。由于是单选题，本题正确的答案只能是D选项。',0,NULL,'2019-09-02 13:51:10','2019-09-02 13:51:10'),(48,NULL,NULL,4,3,NULL,3,NULL,'[选择题] 道德修养是一个循序渐进的过程，古人云：“积土成山，风雨兴焉；积水成渊，蛟龙生焉；积善成德，而神明自得，圣心备焉。古不积跬步，无以至千里；不积小流，无以成江海。”下列名言中与这段话在含义上近似的是 ( ) \nA. 仁远乎哉？我欲仁，斯仁至矣\nB. 勿以善小而不为，勿以恶小而为之 \nC. 君子求诸已，小人求诸人 \nD. 有能一日用其力于仁矣乎？我未见力不足者',NULL,'B\n【答案解读】本题考核《思想道德修养与法律基础》第四章加强道德修养的方法的内容。\n　　《劝学》是《荀子》一书的首篇，较系统地论述了学习的目的、意义、态度和方法。题干中说，“不积跬步，无以至千里；不积小流，无以成江海。”出自荀子的《劝学》，意在奉劝世人积少成多，聚沙为塔。道德的养成也是如此，要注重在实践中积累和贯彻，从一点一滴中不断养成，体现了积善成德的方法。选项B，勿以恶小而为之，勿以善小而不为。出处《三国志·蜀书·先主传》裴松之注。大意是；不要以为坏事小就去做，不要以为好事小就不去做。 好事要从小事做起，积小成大，也可成大事；坏事也要从小事开始防范，否则积少成多，也会坏大事。所以该题选项B是正确的。',0,NULL,'2019-09-02 13:52:51','2019-09-02 13:52:51'),(49,NULL,NULL,4,3,NULL,1,NULL,'[选择题] 人生目的是人在人生实践中关于自身行为的根本指向和人生追求，它所认识和回答的根本问题是( )\nA. 人为什么活着        B. 人如何对待生活 \nC. 怎样对待人生境遇    D. 怎样选择人生道路',NULL,'【答案】 A【答案解读】本题考核《思想道德修养与法律基础》第三章有关人生价值观的知识点。\n　　人生观主要是通过人生目的、人生态度和人生价值三个方面体现出来的。人生目的，回答人为什么活着；人生态度，表明人应当怎样对待生活；人生价值，判别什么样的人生才有意义。这三个方面相辅相成，其中人生目的是人生观的核心，有什么样的人生目的就会有什么样的人生态度，就会追求什么样的人生价值。所以本题正确答案是选项A。',0,NULL,'2019-09-02 13:54:07','2019-09-02 13:54:07'),(50,NULL,NULL,4,3,NULL,3,NULL,'[材料题] \n材料1\n　　十一届全国人大常委会第二十次会议初次审议的《中华人民共和国个人所得税法修正案(草案)》将个人所得税免征额由现行的每月2000元调至3000元。随后，全国人大常委会通过中国人大网向社会公开征求意见，共收到82707人提出的意见23万余件。82536人对个人所得税起征点发表意见，其中要求提高起征点的意见高达83%。 2011年5月10日和20日，全国人大法律委员会、财政经济委员会和全国人大常委会法制工作委员会联合召开座谈会，还分别听取11位专家和16位来自不同地区、不同职业、不同收入群体具有一定代表性的社会公众对草案的意见。 6月27日，个法修正案草案再次提交全国人大常委会审议时，二审稿对3000元起征点仍未作修改。在审议过程中，有委员表示，网上征求意见中，要求提高起征点的占83%。对如此集中的意见，草案未充分回应，很难向公众解释清楚。更有委员指出，个人所得税法不是5000元、3000元的问题，而是如何更认真地对待群众意见和老百姓的关注问题。 6月30日，全国人大常委会第二十一次会议以134票赞成、6票反对、11票弃权，决定对《中华人民共和国个人所得税法》作如下修改：一、第三条第一项修改为：“工资、薪金所得，适用超额累进税率，税率为百分之三至百分之四十五。”二、第六条第一款第一项修改为：“工资、薪金所得，以每月收入额减除费用三千五百元后的余额，为应纳税所得额。”\n　　摘编自 中国人大网(2011年6月30日、2011年7月1日)\n材料2\n　　此次个人所得税法的修改将在社会生活中发挥积极作用。首先，大幅度减轻中低收入纳税群体的负担。一方面，减除费用标准由2000元提高到3500元后，纳税人纳税负担普遍减轻。工薪收入者纳税面调整后，纳税人数由约8400万人减至约2400万人。另一方面，通过调整工薪所得税率结构，使绝大部分工薪所得纳税人在享受提高减除费用标准的同时，进一步减轻税负。这两个措施是不一样的，减除费用的提高是普惠，通过税率级距调整进行结构性的变化，是使中低收入纳税群体在减税的基础上进一步减税。此外，适当扩大低档税率和最高档税率的适用范围，使低税率向大部分纳税人倾斜。其次，适当加大对高收入者的调节力度。实行提高工薪所得减除费用标准和调整工薪所得税率结构变化联动，能够使一部分高收入者在抵消减除费用标准提高得到的减税好处以后，适当增加一些税负。 摘编自 中国人大网(2011年6月30日)\n(1) 此次个税法修改过程如何体现了中国特色社会主义民主？\n(2) 结合此次个税法的修改，分析当前我国收入分配制度改革的趋向和合理调整收入分配格局的要求。',NULL,'(1)全国人大常委会吸收各方意见，对草案相关条款做出修改，既是人民代表大会制度集中人民共同意志、保障人民根本利益的体现，也是民主立法、科学立法的体现。\n  全国人大常委会向全社会公开征求意见，是对人民知情权、参与权、表达权、监督权的尊重。人民群众踊跃发表意见，建言献策，是公民积极有序参与国家决策的体现。\n(2)加大收入分配调节力度，合理调整收入分配格局，缓解和缩小收入分配差距，解决分配不公问题，坚持发展成果由人民共享，是我国当前收入分配制度改革的基本趋向。此次个税法的修改，紧紧抓住了个人收入分配制度改革这个当前人民群众最直接、最现实的利益问题。\n　现阶段合理调整收入分配格局的基本要求是：着力提高低收入者收入，努力扩大中等收入者比重，有效调节过高收入。此次个税法的修改，较好地贯彻了这一要求。',0,NULL,'2019-09-02 14:05:54','2019-09-02 14:05:54'),(51,NULL,NULL,4,3,NULL,1,NULL,'[材料题] \n材料1 \n  有个人不小心打碎一个花瓶，但他没有陷入沮丧，而是细心地收集起满地的碎片。他把这些碎片按大小分类称出重量，结果发现：10～100克的最少，1～10克的稍多，0.1～1克和0.1克以下的最多；同时他还发现这些碎片的重量之间存在着倍数关系，即较大块的重量是次大块的重量的16倍……因此他发现了“碎花瓶理论”。这个理论可以帮助人们恢复文物、陨石等不知其原貌的物体，给考古和天体的研究带来了意想不到的效果。这个人就是丹麦的物理学家雅各布·博尔。 \n摘编自《光明日报》(2011年2月21 日)     \n材料2 \n  迪迪·艾伦年轻时到一家电影公司打工，跟着知名电影剪辑师罗伯特·怀斯学习。她在给电影《江湖浪子》剪辑时，犯了一个非常不应该的错误：在从一个镜头切换到另一个镜头时，第一个镜头中的声音竟然延续到第二个镜头中去，并且长达三秒钟，导致的结局：主人公驾驶汽车逐渐远去，镜头随之切换到达的目的地场景，而这时依旧可以听见第一个镜头中的汽车声！罗伯特·怀斯非常生气，他把这段影片往艾伦面前一扔说：“把你所犯的错误剪掉！”艾伦沮丧极了，正在她准备剪去自己所犯的那个“错误”时，她忽然看见窗台上的一个小盆景，那是一株地莓，她曾经生长在艾伦家的园子里。只是别的地莓都能长出又甜又红的果实，唯独这株地莓不会结果，可它虽然不会结果，却能开出特别鲜红的花朵！所以艾伦把它移植到了这里，成了一道美丽的风景！如果说不会结果是一种“错误”，但就在这种错误中，它却开出了最美丽的花！想到这里，艾伦怦然心动，她开始重新审视起那段影片，猛然意识到：这个错误的本身，其实就是一朵最美丽的地莓花！按照传统的技法，在镜头切换的同时声音也随之戛然而止，艾伦却把声音延续到第二个镜头中，而这不仅能巧妙糅合由镜头切换而产生的断裂感，还能更加有序地连贯电影节奏！艾伦由此想到，有些时候，把第二个镜头中的声音提前一点出现在第一个镜头的结尾处，也是一种能巧妙显示电影节奏的手法。于是，她把这种“错位剪辑”用到了这部影片的每一个切换的镜头中。影片上映后，这种剪辑效果让所有观众耳目一新，并引起了电影同行的关注和沿用，一场电影剪辑艺术的革新悄悄开始了！当86岁高龄的艾伦病逝后，人们对艾伦的人生态度和对电影的贡献作了这样的总结：“她深信这个世界上没有真正的错误，只有被忽略的智慧！即便是一株无法结出果实的地莓，也不要轻易扔掉，因为它可能会开出最美丽的花朵！” 摘编自 《扬子晚报》(2011年6月27日) \n(1) 从打碎花瓶这一现象中所概括出的“碎花瓶理论”为什么能帮助人们恢复文物、陨石等不知原貌的物体？ \n(2)如何理解“这个世界上没有真正的错误，只有被忽略的智慧”？ \n(3)上述两例对我们增强创新意识有何启示？',NULL,'(1)任何事物都是共性和个人的统一，共性寓于个性之中，个性中包含共性。\n人们的认识就是从个别到一般、再到个别的过程。“碎花瓶理论”是对碎花瓶这一个别事物中所包含的一般特征的概括和反映，这就使得人们能够举一反三地认识和处理其他事物\n(2)真理和谬论是辩证统一的，它们相互依存、相互贯通。真理中包括着某种以后会暴露出来的错误方面或因素，错误中也隐含着以后会显露出来的真理的成分或萌芽。\n“世界上没有真正的错误，只有被忽略的智慧”，并不是抹杀真理和错误之间的区别，而是指没有单纯的、绝对的错误，是指由于不能辩证地对待错误而失去在错误中发现真理的可能。\n(3)创新意识在我们认识和改造世界中具有重要的意义。增强创新意识：一要注重实践，从中汲取智慧；二，要辩证思维，要全面地、发展地看问题。透过现象揭示本质，善于从偶然中发现必然。',0,NULL,'2019-09-02 14:08:30','2019-09-02 14:08:30'),(52,NULL,NULL,4,3,NULL,2,NULL,'[分析题] \n“新年不欠旧年账，今生不欠来生债”，这是孙东林和哥哥孙水林的共同准则。1989年，孙东林与哥哥孙水林一同组建起建筑队伍，开始在北京、河南等地承接建筑工程和装饰工程。此后的20年中，无论遇到什么状况，孙东林从未拖欠过工人的工资。有时工程款不能及时拿到，他四处借钱，也要坚持将工资发放。他说，“诚信，是为人之道，也是立足之本。” 2010年2月9日，在天津承包建筑工程的孙水林，为抢在春节前赶回武汉给先期返乡的农民工发放工资，不顾路途遥远、天气恶劣，连夜赶路千里送薪。不料，2月10日凌晨遭遇车祸，一家五口不幸遇难。得知噩耗，孙东林悲痛不已。为了替哥哥完成遗愿，他带上哥哥车上的26万元钱，连续驱车15小时，返乡代兄为农民工发放工资。两天未合眼的孙东林流着泪眼赶回家中，和老人商议决定，先替哥哥完成遗愿，年前发完工钱再办丧事。他自己垫上6万以后，还差1万多元。这个时候，他们的老母亲拿着1万块现金交到儿子手上。这可是老人家的养老钱呀！ 随后，孙家立即让工友互相通知上门领钱。发工资的时候，孙东林和工友们找不到账单，都是凭着一本“良心账”，工友们说多少，孙东林就给多少。腊月二十九晚上，33.6万元工钱全部发完，竟与哥哥遇难前哥俩说过的数额相差无几。69名拿着工钱的工友对孙东林说：“明年我们跟你接着干”。 \n(1)基于“信义兄弟”这个事例，怎样理解诚信及其道德力量？ \n(2)在法律关系中，为什么也要坚守诚信？',NULL,'(1)诚信在道德体系中具有重要的地位，是道德的根本，人无信不立。诚实守信是公民道德建设的重点，也是职业道德的基本要求。\n　“信义兄弟”这件事，感动人们的是孙家和工友共同表现出来的诚信为本的美德。哥哥视诚信为生命，弟弟生死接力，母亲信义为先，工友诚信相待，体现的都是人们以信为本的优良品德。这一信义之举体现了诚信美德的凝聚力和影响力。\n(2)诚实信用是民法的一项基本原则，市场经济是讲究信用的经济，市场经济越发达，对诚实守信的要求就越高。\n　在民事法律关系中，民事主体必信守合同，依法行使权利，履行义务。孙家虽然惨遭不幸，仍然切实履行了按时发放工钱的承诺，这正是法律精神的体现。',0,NULL,'2019-09-02 14:11:46','2019-09-02 14:11:46'),(53,NULL,NULL,4,3,NULL,4,NULL,'[材料题] \n材料1\n　纽约曼哈顿的时报广场，被称为“世界的十字路口”。在胡锦涛主席2011年访美前夕，从1月17日起，一抹亮丽的“中国红”在这里明艳绽放——首都中国国家形象片《人物篇》在时报广场的大屏幕上持续滚动播放，路人纷纷驻足观看。 在这段时长60秒的宣传片中，不仅有袁隆平、杨利伟、姚明等各领域杰出代表，还有“轮椅天使”金晶、“抗震小英雄”林浩、“一辈子在献血”的郭明义等感动中国的普通百姓。他们都面带微笑，神色自信，于静默之间传递着中国的声音。 历史翻回到1904年5月的一天，在一家银行的外墙，贴出了时报广场上的第一张广告。100多年来，这里广告的每一次变幻刷新，都展示着时代的表情。可是在这当中，鲜有中国人的面孔和身影。百年沧桑，终以微笑定格，来到“世界的十字路口”，中国人自信、平和、友好。 摘编自 人民网(微博)(2011年1月20日)\n材料2\n　作为《人物篇》的姐妹篇，一部时长17分钟的中国国家形象片《角度篇》自2011年2月3日起将陆续在亚洲、欧美等地的多家电视台播出。《角度篇》分为“开放而有自信”、“发展而能共享”等8个部分，向世界展现了一个更丰富、多元的中国，其中70%以上的画面呈现的都是中国普通老百姓的生活。值得一提的是，它没有回避中国目前存在的一些问题，农民工及其家属的生存现状在片中多次出现。这部国家形象片看似一些“视觉碎片”，但能够让世人从中读出一个比较真实、鲜活的当代中国。\n　　摘编自 新华网(2011年2月2日)\n材料3\n　从2009年“中国制造 世界合作”的广告片，到2011年的国家形象宣传片《人物篇》和《角度篇》，如此几种地向西方展示中国国家形象还是第一次。有评论认为，这几步短片展示了中国人民的勤劳智慧和精神风貌，每个人的笑容都那么阳光，让人油然而生到中国看看的愿望；还有人认为，这是“中国国际形象公关”的又一次主动出击，愈趋自信的中国主动向世界展示自己，中国开始步入“国家公关时代”；也有报道说，中国的宣传片是中国国家领导人出访之前的“盛大派对”，展示了中国的软实力。 摘编自 人民网(2011年1月20日)\n(1)分析“中国开始步入‘国家公关时代’”的原因。\n(2)国家形象宣传对提升中国软实力有何作用？',NULL,'(1)经济全球化深入发展，中国与世界的联系日益紧密。随着中国经济实力的提升，国际影响力日益广泛，但西方一些国家和民众长期以来对中国缺乏了解，心存疑虑和误解，甚至根深蒂固的偏见。只有主动融入世界，加强沟通、增进了解，建立互信，才能消除误解，让世界了解一个全面真实的中国。\n(2)软实力包括政府效能、国家和民族的内聚力、政策目标的合理性、道德向心力、独特文化价值等。\n通过创新对外宣传方式方法，开展多渠道多形式多层次对外文化交流，增强中华文化的感召力和影响力，增进国际社会对我国基本国情、价值观念、发展道路、内外政策的了解和认识，展示我国文明、民主、开放、进步的形象，特别是我国改革开放的崭新形象和人民昂扬向上的精神风貌。',0,NULL,'2019-09-02 14:14:00','2019-09-02 14:14:00'),(54,NULL,NULL,4,4,NULL,1,NULL,'[选择题] 有一幅对联，上联“桔子洲，洲旁舟，舟行洲不行，”下联“天心阁，阁中鸽，鸽飞阁不飞。”这形象的说明了运动和静止是相互依存的静止是：\nA．运动的普遍状态\nB．运动的内在原因\nC．运动的衡量尺度\nD．运动的存在方式',NULL,'C',0,NULL,'2019-09-02 14:17:09','2019-09-02 14:17:09'),(55,NULL,NULL,4,4,NULL,1,NULL,'[选择题]  一位机械工程专家讲过这样一件事：“文革”中，他在农场劳动，有一天领导要他去割羊草，他没养过羊，怎么认得羊草呢？但脑子一转办法就来了，他把羊都赶去看羊吃什么就割什么。不到半天就割回了羊草。这位专家之所以这样做是因为他意识到“羊吃草”与“割羊草”两者之间存在：\nA．主观联系\nB．必然联系\nC．因果联系\nD．本质联系',NULL,'D',0,NULL,'2019-09-02 14:17:28','2019-09-02 14:17:28'),(56,NULL,NULL,4,4,NULL,1,NULL,'[选择题] 《资本论》中有这样的表述“对上衣来说，无论是裁缝自己穿还是他的顾客穿，都是一样的”，这样只有因为无论谁穿：\nA．上衣都是抽象劳动的结果\nB．上衣都起到着价值的作用\nC．上衣都起到着使用价值的作用\nD．上衣都是社会劳动的结果',NULL,'C',0,NULL,'2019-09-02 14:17:51','2019-09-02 14:17:51'),(57,NULL,NULL,4,4,NULL,1,NULL,'[选择题] 某资本家投资100万元，每次投资所得的利润是15万元，假定其预付资本的有机构成是4:1，那么该资本家每次投资所实现的剩余价值率为：\nA．15%\nB．75%\nC．100%\nD．125%',NULL,'B',0,NULL,'2019-09-02 14:18:13','2019-09-02 14:18:13'),(58,NULL,NULL,4,4,NULL,1,NULL,'[选择题] 当今世界是开放的世界，中国的发展离不开世界，实行对外开放是我国的一项基本国策，坚持这一国策的基本立足点是：\nA．内外联动，互惠互利\nB．多放平衡，共同发展\nC．相互借鉴，求同存异\nD．独立自主，自力更生',NULL,'D',0,NULL,'2019-09-02 14:18:38','2019-09-02 14:18:38'),(59,NULL,NULL,4,4,NULL,1,NULL,'[选择题] 公益性文化事业是保障公民基本文化权益的重要途径，大力发展公益文化事业始终坚持放到首位的是：\nA．繁荣文化市场\nB．经济效益\nC．社会效益\nD．创新文化体制',NULL,'C',0,NULL,'2019-09-02 14:18:59','2019-09-02 14:18:59'),(60,NULL,NULL,4,4,NULL,1,NULL,'[选择题] 近年来为了缩小我国居民在收入分配方面的差距，党和政府做出了巨大的努力，如提高个税起证点，提高企业退休人员基本养老金，提高国家扶贫标准和城乡低保补助水平等，这些举措体现了：\nA．初次分配注重效率\nB．再次分配更注重公平\nC．劳动报酬在初次分配中比重提高\nD．各种生产要素都能按贡献参与分配',NULL,'B',0,NULL,'2019-09-02 14:19:23','2019-09-02 14:19:23'),(61,NULL,NULL,4,4,NULL,1,NULL,'[选择题] 党的十八大报告提出为确保实现全面建成小康社会的宏伟目标到2020年，在实现国内生产总值比2010年翻一番的同时，还要实现翻一番的是：\nA．城乡居民人均收入\nB．城乡居民可支配收入\nC．国民收入\nD．财政收入',NULL,'A',0,NULL,'2019-09-02 14:19:39','2019-09-02 14:19:39'),(62,NULL,NULL,4,4,NULL,1,NULL,'[选择题] 甲午战争后，维新运动迅速兴起，针对洋务派提出的“中体西用”的方针，维新派指出，“体”与“用”是不可分的。中学有中学的“体”与“用”，西学有西学的“体”与“用”，把中学之“体”与西学之“用”凑在一起，就如同让“牛体”产生“马用”一样荒谬。维新派与洋务派分歧的实质是\nA．要不要社会革命\nB．要不要以革命手段推翻清王朝\nC．要不要在中国兴办近代企业\nD．要不要学习西方的政治制度与思想文化',NULL,'D',0,NULL,'2019-09-02 14:20:02','2019-09-02 14:20:02'),(63,NULL,NULL,4,4,NULL,1,NULL,'[选择题] 1948年10月2日，刘少奇同志在同华北记者团谈话时，讲了一个希腊神话故事：巨人安泰是地神之子，他在同对手搏斗时，只要身不离地，就能从大地母亲那里不断吸取力量，所向无敌；但是，只要他一离开大地，就会毫无力量。他的对手赫拉克勒斯发现了他的这一特征，在一次搏斗中突然把他举到半空中将他扼死。刘少奇借用这一神话故事强调中国共产党始终要\nA．坚持理论联系实际\nB．保持党的方针政策的正确\nC．保持对敌人的高度警惕\nD．保持同人民群众的血肉联系',NULL,'D',0,NULL,'2019-09-02 14:20:30','2019-09-02 14:20:30'),(64,NULL,NULL,4,4,NULL,1,NULL,'[选择题] 全面提高公民道德素质，要坚持依法治国和以德治国相结合，加强社会公德，职业道德，家庭美德，个人品德教育，弘扬中华传统美德，弘扬时代新风。下列选项中，即是道德规范又是法律原则的是\nA．爱岗敬业\nB．诚实守信\nC．助人为乐\nD．勤俭持家',NULL,'B',0,NULL,'2019-09-02 14:20:47','2019-09-02 14:20:47'),(65,NULL,NULL,4,4,NULL,1,NULL,'[选择题] 个体的人生活动不仅具有满足自我需要的价值属性，还必然包含着满足社会需要的价值属性。个人的需要能不能从社会中得到满足，在多大程度上得到满足，取决于他的\nA．社会影响\nB．社会价值\nC．社会地位\nD．社会理想',NULL,'B',0,NULL,'2019-09-02 14:21:09','2019-09-02 14:21:09'),(66,NULL,NULL,4,4,NULL,1,NULL,'[选择题] 2012年9月25日，第67届联合国大会一般性辩论在纽约联合国总部开幕。针对错综复杂的国际形势和此起彼伏的地区动荡及热点问题，本次辩论的主题是\nA．改善全球经济治理\nB．携手推动各国普遍安全与共同发展\nC．增强联合国维和作用\nD．以和平方式调解或解决国际争端或局势',NULL,'D',0,NULL,'2019-09-02 14:21:38','2019-09-02 14:21:38'),(67,NULL,NULL,4,4,NULL,3,NULL,'[材料题] \n材料1\n小学老师雷夫.爱斯基斯在其所著的热门教育畅销书《第56号教室的奇迹》中讲过这样一个故事：\n一位从事特殊教育的优秀教师获得一个宝贵的签名球，上面有美国著名棒球队——红袜队1967年全体队员的签名，这些球员都是他的偶像，对这样一个签名球，这位教师别提有多珍爱了。当年幼的儿子找他一起玩球时，他理所当然地警告儿子：绝对不能拿签名球来玩。儿子问他理由时，他觉得儿子还太小，对球和球员一无所知，说多了儿子也不会明白，于是，他没有解释原委，只对儿子说，不能用那颗球，是因为“球上写满了字”。\n过了几天，儿子又找他一起玩球，当老爸再次提醒儿子不要拿写满字的球来玩时，小男孩满不在乎说：我已经把问题解决了，爸爸问怎么回事，儿子说：我把球上所有的字都擦掉了。老爸气的想痛打儿子，但他转念一想，觉得儿子根本没有做错事。因为自己并没有告诉儿子上面的字有什么意义。从那天起，他无论去什么地方，都带着那颗空白的签名球。这颗球提醒他，不管是教导学生还是子女，一定要时时从孩子的角度去看事情。\n不论家长还是教师，常常用成人的眼光看待孩子，用成人的思维理解孩子，用成人的保准要求孩子。岂不知，从孩子的角度看事情，用孩子的眼睛看世界，正是儿童教育应当遵循的基本规律。\n摘编自《人民日报》（2012年3月16日）\n材料2\n某大学一研究生凭借着设计“醒目药瓶”，摘得了素有“设计界奥斯卡”美誉的2011年度“国际红点奖”概念设计类奖。\n在他提供的设计图上，常见的塑料瓶盖的顶上一圈变身为一块圆圆的玻璃。“这是一面凹凸镜，有放大的功能”。他解释说，有了这个药瓶盖，老年人不需要带上老花镜来区别药的类别、服用量等。他的灵感来源于生活中对中老年人群体的关注。有一天，有位老人要吃药，可是药瓶上的字太小了，原本挂在脖子上的老花镜却不见了，急的这位老人团团转。就这样，该同学很长一段时间沉浸在老人世界中。突然有一天灵感迸发，想到“醒目药瓶”这个点子。\n有了灵感后，从设计，带写英文翻译说明，再到制作动画，一共才三天时间。也许有人要问，这样的设计看上去很简单，为什么能拿“国际红点奖”呢？他坦然，设计很简单，关键在于设计前把自己想象成老人，这一设计胜在实用。按照测算，不会给药品本身带来额外的成本，推广起来很容易，实用方便。“希望将来这款设计能推向市场，让更多人得到帮助。”\n这位研究生说他没有想当名人的“野心”。只期望能从生活中的小处入手，用自己的设计改变生活，让生活更加美好。正如“红点”主席Peter Zec博士在颁奖晚会上说的那样：从同学们优秀的设计中，他高兴地看到的是他们所描绘的未来更加美好的世界。\n(1) 分析“用孩子的眼睛看世界”和“设计前把自己想象成老人”两事例所体现的认识主体的能动作用。（6分）\n(2) “用自己的设计改变生活，让生活更美好”对我们从事实践活动有何意义？（4分）',NULL,'(1) 同一性和斗争性是矛盾的两种基本属性，矛盾的同一性强调矛盾的对立面之间是可以相互转化的。“用孩子的眼睛看世界”和“设计前把自己想象成本人”这两个实例中，都是换位思考，从对方去考虑问题，体现的正是矛盾的对立面之间转化的原理。\n实践是认识的基础、来源，认识反过来能够指导实践。认识世界一定要从实际出发，从实践中得来认识，然后再用认识去指导实践，改造世界。“设计前把自己想象成本人”，强调的是认识一定要从实际出发，从实践中来。材料中的研究生之所以能够在三天时间内就完成设计，就是由于她对实际生活的观察。然后用观察中得来的认识去指导她的设计。\n(2)“用自己的设计改变生活，让生活更美好”说明实践和认识是相互作用的，认识特别是反映事物本质和规律性的理性认识，对实践具有能动的反作用。认识对实践的能动反作用，充分体现在作为认识的高级形式的理论对实践的巨大指导作用上。“用自己的设计改变生活”，体现的是认识对实践的反作用，认识能够指导人们的实践活动，从而改变世界。\n人类的实践和认识是永无止境的过程，要求我们不断地解放思想，与时俱进，在实践的基础上不断创新。只有创新，才能使我们的思想和理论随着实际的变化而变化，随着时代的发展而发展，用发展着的理论指导新的实践，真正实现主观与客观、理论与实践的具体的历史的统一。实践是不断发展变化的，要求我们能够不断调整自身的认识，从实际出发，去认识世界和改造世界。“用自己的设计改变生活”正是体现了认识过程中要注重实际，重视创新，去发现问题，解决问题。',0,NULL,'2019-09-02 14:23:01','2019-09-02 14:23:01'),(68,NULL,NULL,4,4,NULL,3,NULL,'[材料题]\n材料1\n浙江武义县后陈村是全县经济条件较好的村，但由于财务使用不透明，村民从上世纪90年代以来连续向县纪委、街道反映村里问题，却长期得不到彻底解决。2002年和2003年，连续两任村支书因经济问题查处。2004年初，村里有1000亩土地被征用，获补偿金1900多万元，在人均发放7000多元后，还剩1000多万元。如何处理这些集体资产成为村内一个难题。为帮助村民寻找从根本上解决问题的办法，由县纪委牵头组建的村务监督改革指导小组进驻后陈村，指导组在大量听取村民意见的基础上，决定组建一个相对独立于村委会及村党支部的监督委员会，真正能从根本上让村民有效制约村干部的权力。6月，后陈村在海选村委员基础上由群众选举产生了全国第一个村级民主监督组织——村务监督委员会，与村党支部、村委员一起称为“三委会”。\n监督会成立不久，即对村里两口池塘的承包进行了全程监督，结果每口池塘三年的承包价从2.8万升至5.8万元，2005年后陈村举行垃圾清运投标会，村委会主任主持会议，监委会主任到场监督，不到5分钟结果就出来了，没有人对投标公正性表示质疑。\n监委会成立后，后陈村每年的创收情况，包括出租土地给广告公司做广告牌、旧粮站出租、经营沙场、村留土地上的杉树出售，以及向上级部门申请到的资金补助等，每一笔都要经过监委会审核后公布。2004年，当年的招待开支是23909元，比前些年下降近一半，村干部再不能拿着发票随便报销了。在村财务公开栏前，村民告诉记者：“过去简直是胡来，集体的钱像是干部自己的，现在不一样了。”监委会主任说：“我的职责就是看他们有没有按程序办事，有没有搞暗箱操作。”\n监委会成立以来，后陈村的固定收入逐年增加，村干部连续8年实现零违纪，村民连续8年实现零上访。村两委已顺利完成了3次换届。最近的一次换届，村两委成员一个没动，全部高票当选，一次通过。\n目前，浙江省3万多个行政村，村村建立了村务监督委员会，实现了村级监督组织全覆盖，村务监督委员会这一有效而不需要太大监督成本的权力制衡制度，对建立乡村“阳光权力体系”共建和谐社会带来重要启迪。村务监督委员会这一制度创新已被写进《中华人民共和国村民委员会组织法》，并在全国推行。\n摘编自《人民日报》2012年5月14日等\n(1)后陈村是如何通过制度创新来保障权力在阳光下运行的？\n(2)全国第一个村务监督委员会的建立对推进基层民主制度建设有何启示？',NULL,'(1) 完善制约和监督机制，保证人民赋予的权力始终用来为人民谋利益。确保权力正确行使，必须让权力在阳光下运行，必须完善制约和监督机制。\n材料中，浙江武义县后陈村通过成立村务监督委员会使得本村的创收逐年增加，并在全国推行，取得了良好效果。所以，我国农村应全面通过制度创新来保障权利在阳光下运行。要保障权力在阳光下运行，应采取如下措施：\n第一，坚持用制度管权管事管人，保障人民知情权、参与权、表达权、监督权，是权力正确运行的重要保证。\n第二，要确保决策权、执行权、监督权既相互制约又相互协调，确保国家机关按照法定权限和程序行使权力。\n第三，坚持科学决策、民主决策、依法决策，健全决策机制和程序，建立决策问责和纠错制度。凡是涉及群众切身利益的决策都要充分听取群众意见，凡是损害群众利益的做法都要坚决防止和纠正。\n第四，推进权力运行公开化、规范化，完善党务公开、政务公开、司法公开和各领域办事公开制度，健全质询、问责、经济责任审计、引咎辞职、罢免等制度，加强党内监督、民主监督、法律监督、舆论监督，让人民监督权力，让权力在阳光下运行。\n(2) 浙江武义县后陈村通过成立的全国第一个村务监督委员会，对我国建立乡村“阳光权力体系”共建和谐社会带来重要启迪，村务监督委员会这一制度创新已被写进《中华人民共和国村民委员会组织法》并在全国推行。这说明需要我国健全基层党组织领导的充满活力的基层群众自治机制，以扩大有序参与、推进信息公开、加强议事协商、强化权力监督为重点，拓宽范围和途径，丰富内容和形式，保障人民享有更多更切实的民主权利。全心全意依靠工人阶级，健全以职工代表大会为基本形式的企事业单位民主管理制度，保障职工参与管理和监督的民主权利。发挥基层各类组织协同作用，实现政府管理和基层民主有机结合。',0,NULL,'2019-09-02 14:23:40','2019-09-02 14:23:40'),(69,NULL,NULL,4,4,NULL,4,NULL,'[材料题] \n材料1\n1910年，上海人陆士谔在幻想小说《新中国》里记载了一个神奇的梦，梦中主人公随时光穿梭，看到“万国博览会”在上海浦东举行，为方便市民参观，上海滩建成了浦东大铁桥和越江隧道，还造了地铁，工厂中的机器有鬼斧神工之妙，租界的治外法权已经收回，汉语成了世界通用的流行语言……最后梦中人一跤跌醒，却言道：“休说是梦，到那时，真有这景象也未可知。”\n1920年，孙中山先生完成《建国方略》一书，书中提出了修建三峡水利、建设高原铁路系统等宏伟设想，构想了工厂遍地、机器轰鸣、高楼大厦矗立城乡、火车轮船繁忙往返的现代化景象，描绘了“万众一心，急起直追，以我五千年文明优秀之民族，应世界之潮流，而建设一政治最修明、人民最安乐之国家”的愿景。\n1935年，方志敏在《可爱的中国》中写道：“中国一定有个可赞美的光明前途……到那时候，到处都是活跃跃的创造，到处都是日新月异的进步，欢歌将代替了悲叹，笑脸将代替了哭脸，富裕将代替了贫穷，康健将代替了疾苦，智慧将代替了愚昧，友爱将代替了仇杀，生之快乐将代替了死之悲哀，明媚的花园，将代替了凄凉的荒地！这时，我们民族就可以无愧色的立在人类的面前，而生育我们的母亲，也会最美丽地装饰起来，与世界上各位母亲平等的携手了。”“这么光荣的一天，决不在辽远的将来，而在很近的将来。”\n摘编自《经济日报》（2012年12月12日）、《方志敏文集》\n材料2\n2012年11月29日，中共中央总书记习近平到国家博物馆参观<复兴之路》展览，在十九世纪末列强割占领土、设立租借地、划定势力范围示意图前，在鸦片战争期间虎门的大炮前，在反映辛亥革民的文物和照片前，在《共产党宣言》第一个中文全译本前，在《中国共产党的第一个纲领》等反映中国共产党成立的文物和照片前，在李大钊狱中亲笔自述前，在中华人民共和国第一面五星红旗前，在党的十一届三中全会照片前，习近平不时停下脚步，认真观看，仔细询问和了解有关情况，在参观过程中，习近平发表了重要讲话，他提出，每个人都有理想和追求，都有自己的梦想，实现中华民族伟大复\n(1) 为什么“实现中华民族伟大复兴就是中华民族近代以来最伟大的梦想”？\n(2)为什么说“现在我们比历史上任何时期都更接近中华民族伟大复兴的目标”？（6分）',NULL,'(1) 鸦片战争后，中国逐步沦为半殖民地半封建社会，争取民族独立、人民解放，实现国家富强、人民解放，成为中国人民必须完成的历史任务。为改变中华民族的命运，中国人民和无数仁人志士进行了千辛万苦的探索和不屈不挠的斗争。太平天国运动，戊戌变法和辛亥革命，不甘屈服的中国人民进行了一次次抗争，都是为了实现中华民族的伟大复兴。\n(2) 为了实现中华民族伟大复兴，无数仁人志士奋起抗争，但一次又一次地失败了。中国共产党成立后，领导中国人民完成和推进了三件大事。第一件大事，我们党紧紧依靠人民完成了新民主主义革命，实现了民族独立、人民解放。第二件大事，我们党紧紧依靠人民完成了社会主义革命，确立了社会主义基本制度。第三件大事，我们党紧紧依靠人民进行了改革开放新的伟大革命，开创、坚持、发展中国特色社会主义。\n这三件大事，从根本上改变了中国人民和中华民族的前途命运。贫穷落后的中国变成了一个初步繁荣昌盛，充满生机和活力的社会主义国家。面向新世纪，在中国共产党的领导下，继续坚定不移地沿着中国特色社会主义道路前进，中华民族伟大复兴的目标必将最终实现。',0,NULL,'2019-09-02 14:24:17','2019-09-02 14:24:17'),(70,NULL,NULL,4,4,NULL,4,NULL,'[材料题] \n某图书馆向所有读者免费开放。乞丐拾荒者、和衣衫破旧的民工小心翼翼进来了，无人阻挡，于是他们便堂而皇之的在馆内读书看报，有读者对此表示不满，向馆长抱怨说：图书馆是大雅之堂，如果允许乞丐和拾荒者进入阅读，就是对其他读者的不尊重。馆长回答说：我无权拒绝他们入内阅读，但你有权选择离开。\n此事被发在微博上，顿时触动了社会的神经，引发人们对人文精神的关注和思考，中央电视台等主流媒体对此进行了报道，一场公共图书馆办馆理念的大讨论由此引发。\n公共图书馆一向更愿意向体面地文化人敞开，常在门口赫然告示：衣冠不整谢绝入内！把读者分为三六九等，拒绝部分人入内，其公益性大打折扣，而该馆长希望图书馆成为每一个读书人的天堂，，无乱任何人，只要进了图书馆，在知识面前都享有同等权利，不得有高低贵贱之分。为此，该馆在全国同行中率先推出免证阅读制度，任何人进馆借读书籍都不需要证件和费用，以体现人道、人文的公共图书馆理念和人性化的服务。\n对于图书馆实行免费开放可能带来的问题，该馆有关负责人感触颇深：自图书馆实行零门槛后，我们不仅没有感到压力增加，反而感觉开放的时间越长，不尊重这种权力的读者越少，我们和读者都被这种和谐的环境所改变，至于尽管要先洗手，馆内并没有硬性规定，耳濡目染的时间长了，谁也会自觉地洗手，然后在阅读。\n“如果没有天堂，天堂应该是图书馆的模样。”这是文学大师曾相任阿根廷国立图书馆馆长的博尔赫斯的一句名言，该图书馆向乞丐和拾荒者免费开放，不啻一轮明亮的太阳让乞丐和拾荒者在得到温暖的同时，也净化我们的心灵。\n摘编自《中国青年》（2011年第5期）、《光明日报》（2012年5月10日）\n(1)从法律角度如何理解“我无权拒绝他们入内阅读，但你有权选择离开”？\n(2)图书馆想乞丐和拾荒者年费开放对我们处理人际关系有何启示？',NULL,'(1)自由平等观念和权利义务观念是社会主义法治观念的重要观念，自由平等观念最为核心的内容是依法享有和行使自由的观念、法律面前人人平等的观念。法律权利意味着人们可以依法作或不作一定行为，可以依法要求他人作或不作一定行为。法律通过规定权利，使人们获得某种合法的利益或自由。\n平等权是指公民平等地享有权利，不受任何差别对待，要求国家给予同等保护的权利。它是我国宪法赋予公民的一项基本权利，是公民实现其他权利的前提与基础。我国《宪法》规定：“中华人民共和国公民在法律面前一律平等。”\n图书馆向所有读者免费开放，体现了自由平等观念，图书馆馆长的回答“我无权拒绝他们入内阅读，但你有权选择离开”，因为每个读者都是平等的，每个读者都平等地享有权利，不受任何差别对待，有要求国家给予同等保护的权利，读者进入和离开图书馆都是其神圣的不可侵犯的权利。\n(2) 个人与他人的关系，在本质上是社会关系的表现形式，促进个人与他人的和谐应坚持以下原则：\n第一，平等原则，平等待人是促进个人与他人和谐的前提。 第二，诚信原则，诚信是促进个人与他人和谐的保证。第三，宽容原则，宽容是促进个人与他人和谐必不可少的条件。第四，互助原则，互助是促进个人与他人和谐的必然要求。\n图书馆向乞丐和拾荒者免费开放给我们的启示是：要平等的对待每一个人， 对人要诚信、宽容、互助，只有这样才能建立和谐的人际关系。',0,NULL,'2019-09-02 14:24:55','2019-09-02 14:24:55'),(71,NULL,NULL,4,4,NULL,5,NULL,'[材料题] \n材料1\n2012年5月，美国发布奥巴马上台后第一个《四年防务评估报告》和《国建安全战略报告》。报告指出，美国国家利益由安全、繁荣、价值和国际失序四个方面组成;美国通过对这些利益的追求，实现国家复兴和全球领导地;相比世界其他地区，亚洲是美国最有所作为的地区。同时，报告将南亚国家归为三个类别：“战略伙伴“和”可预期的战略伙伴“，虽然，美国准备让东盟所有国家成为美国的盟友或是伙伴。\n美国卡内基国际和平基金会副总裁包道格说：“过去的10年来，中国在南亚地区不断扩大其利益，取得了有效的成果，这是美国没有做到的。\n摘编自新华网（2011年5月28日）\n材料2\n2011年10月以来，美国高层不断访问亚太地区的国家，参加相关的国际会议。10月下旬，国防部长帕内塔出访印尼，日本和韩国，强调美国将加大在军事部署。11月下旬到12月初，国务卿希拉里。克林顿，先后访问菲律宾、泰国，并对缅甸进行了“历史性访问”，这是1955年以来美国国务卿首次访问缅甸。同时，奥巴马也是展开亚太之行，他参加在夏威夷举行的亚太经合组织第十九次领导人非正式会议，随后出访澳大利亚并前往印尼出席东亚多边峰会，成为参加东亚峰会的首位美国总统。奥巴马在亚太之行中高调宣示，美国是“太平洋大国”，讲“留驻”亚太，通过“坚持核心原则”和与盟友及伙伴的紧密合作，在“塑造”亚太地区未来中发挥更大，更长远的作用。2012年11月8日，奥巴马连任成功不到48小时，即宣布他的首次出访选在东南亚。17日至20日，他不仅访问了泰国，而且对缅甸和柬埔寨进行了历史性首访。在这次东南亚之行中，奥巴马再次强调，美国是一个太平洋国家，亚太地区对美国创造就业机会以及塑造其安全与繁荣至关重要。\n摘编自《人民日报》（2011年12月23日）、《参考消息》（2012年11月21日）等\n材料3\n第十一届香格里拉对话暨亚洲安全会议于2012年6月1日至3日在新加坡举行。会议期间，美国国防部长帕内塔发表了题为《美国对亚太的再平衡》的演讲，重点阐释了“亚太再平衡战略”的军事计划，其中包括2020年前在亚太地区保持6个航母舰队，以及将60%的海军力量部署到亚太地区。国际舆论普遍怀疑，美国战略重心向亚太地区转移的意图是为了遏制中国。\n摘编自新华网（2012年6月4日）\n（1） 美国将其全球战略重心转向亚太的原因何在？（5分）\n（2） 如何看待美国战略重心东移对中国周边安全的影响？（5分）',NULL,'(1)第一，导致美国全球战略重心转移的根本原因，是亚洲在崛起。第二，在亚太建立美国控制的“北约版”组织，以主导亚太事务。第三，应对中国崛起。第四，“重振美国”，维持霸权。\n（2）美国战略重心东移，对我国的影响既有消极的一面，也有积极的一面。消极的一面：第一，加剧了地区的紧张局势，使得中国的地缘政治环境更加复杂化。第二，消耗中国的精力。随着美国的战略东移，原本本来集中精力搞经济建设的中国，现在在国防、外交等多个方面都遇到了一些麻烦和棘手的问题。第三，分化和削弱了中国与周边国家的关系。\n积极的一面：第一，加快了（亚太）区域内经济的一体化。第二，中国在面对美国的战略重心东移的过程中会产生压力，而这种压力又会促使中国来进行积极的应对，调整自身的结构，把这种压力变成动力。第三，美国要在亚太地区发挥积极作用，必然不能忽视中国，反而会进一步促使中、国之间的经贸及其他多个方面深层次的合作，这对中国来说也是一个机遇。',0,NULL,'2019-09-02 14:25:33','2019-09-02 14:25:33'),(72,NULL,NULL,4,5,NULL,1,NULL,'[选择题]某地区进入供暖季后常常出现雾霾，而一旦出现大风天气或等到春暖花开后，雾霾就会散去或减少，从该地区较长时间的数据变化看，经过人们努力治霾，污染物排放总量在持续走低；但在某些时段，环境空气质量污染指数会迅速攀升，甚至“爆表”。这种看似“矛盾”的现象凸显了大气污染防治的一大特点：天帮忙很重要，但人努力才是根本。“人努力”与“天帮忙”之间的关系对我们正确处理主观能动性和客观规律之间辩证关系的启示是（　）\nA．尊重事物的客观规律是正确发挥主观能动性的前提\nB．人类有意识的思想活动是掌握客观规律的根本前提\nC．认识活动是客观规律性与主观能动性相统一的基础\nD．尚未认识的外在自然规律对人的实践活动起着至关重要的作用',NULL,'A',0,NULL,'2019-09-02 14:29:03','2019-09-02 14:29:03'),(73,NULL,NULL,4,5,NULL,1,NULL,'[选择题] 有人认为，既然人的意识是对客观外部世界的反映，那么人脑里的“鬼”、“神”意识就是对外在世界上鬼、神真实存在的反映。这种观念的错误在于（　）\nA．夸大意识的能动作用\nB．把意识看成是物质的产物\nC．认为意识是对存在的直观反映\nD．混淆了人类意识自然演化的阶段',NULL,'C',0,NULL,'2019-09-02 14:29:48','2019-09-02 14:29:48'),(74,NULL,NULL,4,5,NULL,1,NULL,'[选择题] 某企业投资汽车生产，生产一辆汽车所耗费的生产资料价值为15万元，支付给工人的工资为5万元，假定市场的平均利润率为10%，那么，在自由竞争条件下，该汽车的生产价格是（　）\nA．20万元\nB．20.5万元\nC．21.5万元\nD．22万元',NULL,'D',0,NULL,'2019-09-02 14:30:17','2019-09-02 14:30:17'),(75,NULL,NULL,4,5,NULL,1,NULL,'[选择题] 从历史发展的角度看，资本主义生产资料所有制是不断演进和变化的。当今资本主义社会居主导地位的资本所有制形式是（　）\nA．私人资本所有制\nB．法人资本所有制\nC．私人股份资本所有制\nD．垄断资本私人所有制',NULL,'B',0,NULL,'2019-09-02 14:30:48','2019-09-02 14:30:48'),(76,NULL,NULL,4,5,NULL,1,NULL,'[选择题] 从中华人民共和国成立到社会主义改造基本完成，是我国从新民主主义到社会主义的过渡时期，这一时期，个体经济向社会主义集体经济过渡的形式是（　）\nA．国营经济\nB．私人资本主义经济\nC．合作社经济\nD．国家资本主义经济',NULL,'C',0,NULL,'2019-09-02 14:31:21','2019-09-02 14:31:21'),(77,NULL,NULL,4,5,NULL,1,NULL,'[选择题] 2016年是“十三五”规划开局之年，也是推进供给侧结构性改革的攻坚之年。推进供给侧结构性改革是适应我国经济发展新常态的重大决策，其根本目的是（　）\nA．加快政府职能转变\nB．提高供给质量满足需要\nC．深化价格、财税、金融、社保等领域基础性改革\nD．推进“去产能、去库存、去杠杆、降成本、补短板”',NULL,'B',0,NULL,'2019-09-02 14:31:44','2019-09-02 14:31:44'),(78,NULL,NULL,4,5,NULL,1,NULL,'[选择题] 协调推进“四个全面”战略布局，是党的十八大以来党中央从实现“两个一百年”奋斗目标、实现中华民族伟大复兴的中国梦的战略高度，统敌国内国际两个大局，把握我国发展新征确定的治国理政新方略。在“四个全面”战略布局中居于引领地位的是（　）\nA．全面从严治党\nB．全面深化改革\nC．全面依法治国\nD．全面建成小康社会',NULL,'D',0,NULL,'2019-09-02 14:32:07','2019-09-02 14:32:07'),(79,NULL,NULL,4,5,NULL,1,NULL,'[选择题] 随着工业化、城镇化的深入推进，大量农民转向非农产业，我国农村土地流转现象日益普遍。农业经营方式发生深刻变化，截至2016年6月，全国家庭承包经营耕地流转已超过30%，流转土地4.6亿亩。当前，为解决拥有土地承包经营权的人不再种地、种地的人又没有相应权利这一突出问题，我国在深化农村改革方面作出了重大制度创新是（　）\nA．实行农村集体经营性建设用地入市\nB．实行农村家庭联产承包责任制\nC．实行农村土地所有权、承包权、经营权分置\nD．实行农村耕地保护制度',NULL,'C',0,NULL,'2019-09-02 14:32:34','2019-09-02 14:32:34'),(80,NULL,NULL,4,5,NULL,1,NULL,'[选择题] 帝国主义侵略中国的最终目的，是要瓜分中国、灭亡中国。1895年中国在甲午战争中战败后，列强掀起了瓜分中国的狂潮，这集中表现在（　）\nA．竞相租借港湾和划分势力范围\nB．外国资本在中国近代工业中争夺垄断地位\nC．设立完全由外国人直接控制和统治的租界\nD．从侵占中国周边邻国发展道蚕食中国边疆地区',NULL,'A',0,NULL,'2019-09-02 14:32:59','2019-09-02 14:32:59'),(81,NULL,NULL,4,5,NULL,3,NULL,'[分析题] \n2008年，斯坦福大学的计算机科学家设计出了第一个专家系统：1982年，加州理工学院物理学家提出了新的神经网络模型；1997年，IBM“深蓝”电脑线路国际教程世界观军卡斯帕罗夫；2011年，IBM超级计算机“沃森”在美国电视答题节目中战胜两种人类冠军；2013年，机器在人脸识别上超过人类；仅一年后，机器人在物体识别上也战胜……未来人工智能继续超越人类的可能性很高。\n在人工智能应用前景充满无限可能的情况下，其潜在风险也引发了广泛讨论。2016年2月，在美国加州发生了一起死人驾驶汽车因躲避路上障碍物而撞上公交车的交通事故。这凸显出人中智能设备在应对人类社会各种场景时面临的挑战，人们还担心人工智能技术成熟后的问题，比如将机器人用于战争是否会带来像核武器一样的后果。\n有学者表示，人机对弈是人类思考自身作用契机。人工智能的目的是帮助人类，创造出比李世石更优秀的棋手应该是人类的胜利，也有学者认为，在面对复杂的伦理问题时，人工智能技术可能会陷入不可预知的选择困境，著名物理学家霍金也发出警告；“我不认为人工智能的进步一定会是良性的。”\n德国人工智能研究所柏林分析所长汉斯·乌斯克莱特强调说，人工智能的研究方向不是要取代人类，而是要与人类互补，增强人类的能力，人工智能不会取代人类，因为只有人类才具有创造力和目标，而机器只关注如何解决眼前遇到的问题。要让人工智能避免犯下道德层面的错误，关键在于人类自己，在美国《连线》杂志创始主编凯文·凯利看来，每个发明都不可避免带来新问题，但同时也会带来新的解决方案，解决这些问题的方式不是减少技术的使用，而是通过改进技术来提供解决方案，他认为，即使新的技术发展带来的49%是问题，但它首先带来了51%的好处，这正是人类进步的动力。\n从这个意义上讲，“阿尔法围棋”和李世石无论谁胜谁败，人类都是最后的赢家，总之，用好人工智能，关键还在人类自身。\n（1）从真理和价值辩证关系看，为何人们会对AI技术产生多种多样的看法与评价？\n（2）如何理解“用好AI关键还在人类自身”？',NULL,'（1）真理是人们对于客观事物及其规律的正确认识。哲学上的“价值”是揭示外部客观世界对于满足人的需要的意义关系的范畴，是指具有特定属性的客体对于主体需要的意义。价值由两方面构成，一方面是主体的需要和利益；另一方面是客体的某种属性或性能。价值具有客观性、价主体性、社会历史性、多维性。评价是以主客体的价值关系为认识对象的。评价结果与评价主体有直接联系。\n真理和价值在实践中的辩证统一关系，主要体现在：首先，成功的实践必然是以真理和价值的辩证统一为前提的。任何成功的实践都必然是既遵循真理尺度，又符合价值尺度，并将二者有机地统一起来的结果。其次，价值的形成和实现以坚持真理为前提，而真理又必然是具有价值的。人们对实现价值的追求，构成了实践的动因，但价值的实现必须以对相关真理的正确把握为前提才能成功。再者，真理和价值在实践和认识活动中是相互制约、相互引导、相互促进的。\n（2）科学技术像一把双刃剑，既能通过促进经济发展以造福于人类，同时也可能在一定条件下对人类的生存发展带来消极后果。\n科学技术作用的实现要受一定客观条件，诸如社会制度、利益关系等因素的影响，也要受到一定的主观条件如人们的观念和认识水平的影响。',0,NULL,'2019-09-02 14:34:03','2019-09-02 14:34:03'),(82,NULL,NULL,4,5,NULL,3,NULL,'[分析题] \n在宁德地委强力推动下，赤溪村打响了以转变观念为突破口的“横血”破坚战——“挪穷窝”：用移民搬迁的方式把分散的14个自然村集中起来：通路、通电。搬迁成功了，生活环境改善了，新问题又来了：搬了穷富。靠着人均不足1亩的土地，如何维持穷根，走一条自我致富之路？赤溪村两委干部再次帮助群众转变观念，因地制宜培育旅游特色优势产业。今天，生态旅游已成为赤溪人致富的主导产业，2015年全村人均统统入达1.3万多元，其中45%以上来自旅游业。\n三十多年来，赤溪村干部群众在党的扶贫政策支持下，在社会各方的大力帮助下，从“输血”帮扶到“换血”搬迁再到“造血”开发，走出了一条适合自身特色的扶富乱贫之路，把一个远近闻名的贫困村建成了小康村。2016年2月19日，习近平总书记问赤溪村干部群众进行在线支流时指出：“‘中国扶贫第一村’这个评价是很高的，滴水穿石、久久为功、弱鸟先飞，你们的实践印证了现在的扶贫方针，就是要精准扶贫。”\n赤溪村矢志不渝推进扶贫开发、脱贫致富的艰辛历程，正是中国特色扶贫开发探索之路的一个缩影。改革开放以来，我们党成功走出了一条中国特色扶贫开发道路。使七亿多农村贫困人口成功脱贫，为全面建成小康社会打下了坚实基础。当前，我国脱贫攻坚已进入冲刺阶段。习近平总书记指出：“全面建成小康社会，关键是要把经济社会发展的‘短板’尽快补齐”，而“农村贫困人口脱贫是最突出的短板”，“脱贫攻坚战的充锋号已经吹响，我们要立下愚公移山志，咬定目标、苦干实干，坚决打赢脱贫坚战。”\n摘编自人民网（2016年2月1日、11月9日）、新华网（2016年7月25日）、央视网（2016年8月6日）等\n（1）如何理解农村人口脱贫是我国全面建设小康社会“最突出的短板”？\n（2）东溪村脱贫致富之路对我国实施精准扶贫、打赢脱贫攻坚战有何启示？',NULL,'（1）全面建成小康社会，在“四个全面”战略布局中居于引领地位，是我们党确定的第一个百年奋斗目标，也是实现中华民族伟大复兴的关键一步。全面小康就是覆盖的领域要全面，覆盖的人口要全面，是惠及全体人民的小康。\n农村贫困人口脱贫是全面建成小康社会最艰巨的任务。消除贫困、改善民生、逐步实现共同富裕，五大发展理念、共享发展理念的体现，是社会主义的本质要求。农民富起来，不让一个人掉队，尤其是农村贫困人口脱贫致富是全面建成小康社会的应有之义。没有农村特别是贫困地区的脱贫，就不是全面的小康。\n农村贫困人口脱贫是实现全面建成小康社会，实现中华民族伟大复兴的重要体现。\n在实现全面建成小康社会的过程中，强调“小康不小康，关键看老乡”，说明了消除贫困，解决“三农”问题的重要性。\n（2）东溪村脱贫致富之路对我国实施精准扶贫、打赢脱贫攻坚战的启示：一是坚持党对扶贫开发工作的领导，充分发挥政治优势和制度优势，构建了政府、社会、市场协同推进的大扶贫格局。推进精准扶贫精准脱贫，为扶贫开发提供最强有力的组织保障。二是坚持开发式扶贫方针，创新扶贫工作机制和模式，采取超常规措施，把发展作为解决贫困的根本途径，调动扶贫对象的积极性，提高其发展能力。三是坚持改革开放，保持经济快速增长，为大规模减贫提供条件。四是坚持政府主导，把扶贫开发纳入国家总体发展战略，开展大规模专项扶贫行动。六是坚持普惠政策和特惠政策相结合，在加大对农村、农业、农民普惠政策支持的基础上，对贫困人口实施特惠政策，做到应扶尽扶、应保尽保。\n所以，加大扶贫攻坚力度，坚决打赢脱贫攻坚战，以利于全面建成小康社会，实现中华民族的伟大复兴。',0,NULL,'2019-09-02 14:34:47','2019-09-02 14:34:47'),(83,NULL,NULL,4,5,NULL,5,NULL,'[分析题] \n2015年五一劳动节前夕，讲述了8个工匠“八双劳动的手”所缔造的“神话”，节目播出之后，很快引起社会热议，在不到十天的时间里，相关话题的微博阅读量就超过了3560万次，人们发现，走入镜头的工匠们，他们文化不同，年龄有别，但拥有一个共同的闪光点——立足于本职工作，敬业奉献，数十年如一日地追求者职业技能的极致化，靠着传承和钻研，凭着专注和坚守，创造了一个又一个“中国制造”的奇迹。在2016年“两会”上，国务院总理李克强在《政府工作报告》中提出要积极培育“工匠精神”，“工匠精神”第一次写入政府工作报告。\n“工匠精神”是一种职业精神，工匠们对所从事的事业的爱心和忠心，令人高山仰卧=止，中国航天科技集团一院火箭总装厂高级技师高凤林，36年一直从事火箭的“心脏”——发动机焊接工作，以国为重、扎根一线，是发动机焊接第一人，面对很多企业试图高薪聘请不为所动，他说：“每每看到自己生产的发动机把卫星送到太空，就有一种成功后的自豪感，这种自豪感用金钱买不到。”这也代表了大国工匠们的心声。\n“工匠精神”是一种工作态度，在工匠们的心目中，制作出来的产品没有最好，只有更好，高凤林在36年的工作中，攻克了200多项技术难关，经他的手焊接了140多火箭的发动机，焊接的焊缝总长度达到12万多米，没有出现过一次质量问题，他先后获得过部院科技进步一等奖、国家科技进步二等奖、2014年组伦敦国际发明展览会金等奖等30多种奖励，而这没有一丝不苟的工作态度显然是无法做到的。\n随着时代的发展，工匠的工作或许会逐渐被机器所取代，但是“工匠精神”却不可能被代替，我国作为一个拥有“四大发明”的文明古国，具有历史悠久而技艺高超的手工业，薪火相传的能工匠们留下了数不胜数的传世佳作，我们今天弘扬“工匠精神”不仅是对传统工匠技艺的留念，而且是对一切职业的道德呼唤。“工匠精神”，不仅仅是制造业的需要，也不仅仅是企业家的需要，它代表一个时代的气质，是我们每一个人的事业追求与人生态度。\n摘编《中国青年报》（2015年5月11日）、央视网（2016年4月22日、10月9日）等\n（1）“工匠精神”的实质是什么？（5分）\n（2）为什么说弘扬“工匠精神”是“对一切职业的道德呼唤”？（5分）',NULL,'（1）工匠精神”的实质是对职业道德的遵守。工匠精神就是追求卓越的创造精神、精益求精的品质精神、用户至上的服务精神。\n　　工匠精神崇尚劳动和贡献社会的人生价值，主张通过积极的劳动创造奉献人生、改变世界，这有助于在公众中引导确立正确的社会价值观。\n　　对于当下的中国而言，工匠精神具有特殊意义，它契合于以改革创新为核心的时代精神，有助于诠释和展现中国精神的力量。工匠精神是平凡的岗位上为社会做贡献，尤其体现了职业道德中的爱岗敬业与奉献社会。\n（2）工匠精神是社会主义职业道德需要。工匠精神体现的是社会主义职业道德的要求，强调干一行爱一行的敬业精神和服务群众、奉献社会的职业道德。职业道德是指从事一定职业的人在职业生活中应当遵循的具有职业特征的道德要求和行为准则，涵盖了从业人员与服务对象、职业与职工、职业与职业之间的关系。包括爱岗敬业、诚实守信、办事公道、服务群众、奉献社会等内容。工匠精神是践行社会主义核心价值观的具体实践。核心价值观个人层面的“敬业”和“诚信”，与工匠精神蕴含的职业理念和价值取向高度一致。\n本题的难度不高，学生结合材料和职业道德相关内容。答出职业道德的内涵，包括爱岗敬业、诚实守信、办事公道、服务群众、奉献社会等内容。还有社会主义核心价值观的相关考点，以及工匠精神与社会主义核心价值的内在联系即可。',0,NULL,'2019-09-02 14:36:00','2019-09-02 14:36:00'),(86,NULL,NULL,6,1,NULL,1,NULL,'计算机网络向用户可以提供那些服务？',NULL,'连通性和共享',0,NULL,'2019-09-02 16:34:42','2019-09-02 16:34:42'),(87,NULL,NULL,6,1,NULL,1,NULL,'简述分组交换的要点。',NULL,'（1）报文分组，加首部\n（2）经路由器储存转发\n（3）在目的地合并',0,NULL,'2019-09-02 16:35:39','2019-09-02 16:35:39'),(88,NULL,NULL,6,1,NULL,2,NULL,'试从多个方面比较电路交换、报文交换和分组交换的主要优缺点。',NULL,'（1）电路交换： 端对端通信质量因约定了通信资源获得可靠保障，对连续传送大量数据效率高。\n（2）报文交换：无须预约传输带宽，动态逐段利用传输带宽对突发式数据通信效率高，通信迅速。\n（3）分组交换：具有报文交换之高效、迅速的要点，且各分组小，路由灵活，网络生存性能好。',0,NULL,'2019-09-02 16:36:42','2019-09-02 16:36:42'),(89,NULL,NULL,6,1,NULL,1,NULL,'为什么说因特网是自印刷术以来人类通信方面最大的变革？',NULL,'融合其他通信网络，在信息化过程中起核心作用，提供最好的连通性和信息共享，第一次提供了各种媒体形式的实时交互能力。',0,NULL,'2019-09-02 16:37:03','2019-09-02 16:37:03'),(90,NULL,NULL,6,1,NULL,3,NULL,'因特网的发展大致分为哪几个阶段？请指出这几个阶段的主要特点。',NULL,'从单个网络APPANET向互联网发展；TCP/IP协议的初步成型；建成三级结构的Internet；ISP结构的Internet；ISP首次出现。',0,NULL,'2019-09-02 16:37:53','2019-09-02 16:37:53'),(91,NULL,NULL,6,1,NULL,2,NULL,'简述因特网标准制定的几个阶段？',NULL,'（1）因特网草案 (Internet Draft)\n（2）建议标准 (Proposed Standard)\n（3）草案标准 (Draft Standard)\n（4）因特网标准 (Internet Standard)',0,NULL,'2019-09-02 16:38:48','2019-09-02 16:38:48'),(92,NULL,NULL,6,1,NULL,1,NULL,'计算机网络都有哪些类别？各种类别的网络都有哪些特点？',NULL,'按范围：\n（1）广域网 WAN ：远程、高速、是 Internet 的核心网。\n（2）城域网：城市范围，链接多个局域网。\n（3）局域网：校园、企业、机关、社区。\n（4）个域网 PAN：个人电子设备\n按用户：\n公用网：面向公共营运。专用网：面向特定机构。',0,NULL,'2019-09-02 16:39:49','2019-09-02 16:39:49'),(93,NULL,NULL,6,1,NULL,1,NULL,'计算机网络中的主干网和本地接入网的主要区别是什么？',NULL,'主干网：提供远程覆盖，高速传输和路由器最优化通信。\n本地接入网：主要支持用户的访问本地，实现散户接入，速率低。',0,NULL,'2019-09-02 16:40:19','2019-09-02 16:40:19'),(94,NULL,NULL,6,1,NULL,1,NULL,'试在下列条件下比较电路交换和分组交换。要传送的报文共x（bit）。从源点到终点共经过 k 段链路，每段链路的传播时延为 d（s），数据率为 b(b/s)。在电路交换时电路的建立时间为 s(s)。在分组交换时分组长度为 p(bit) ，且各结点的排队等待时间可忽略不计。问在怎样的条件下，分组交换的时延比电路交换的要小？',NULL,'线路交换时延：kd+x/b+s,分组交换时延：kd+(x/p)*(p/b)+ (k-1)*(p/b)，其中(k-1)*(p/b)表示K段传输中，有(k-1)次的储存转发延迟，当s>(k-1)*(p/b)时，电路交换的时延比分组交换的时延大，当 x>>p,相反。',0,NULL,'2019-09-02 16:42:25','2019-09-02 16:42:25'),(95,NULL,NULL,6,1,NULL,1,NULL,'客户服务器方式与对等通信方式的主要区别是什么？有没有相同的地方？',NULL,'前者严格区分服务和被服务者，后者无此区别。后者实际上是前者的双向应用。',0,NULL,'2019-09-02 16:44:34','2019-09-02 16:44:34'),(96,NULL,NULL,6,1,NULL,1,NULL,'计算机通信网有哪些非性能特征？非性能特征与性能特征有什么区别？',NULL,'征：宏观整体评价网络的外在表现。性能指标：具体定量描述网络的技术性能。',0,NULL,'2019-09-02 16:44:55','2019-09-02 16:44:55'),(97,NULL,NULL,6,1,NULL,1,NULL,'收发两端之间的传输距离为 1000km ，信号在媒体上的传播速率为 2×108m/s。试计算以下两种情况的发送时延和传播时延：\n（1）数据长度为 107bit,数据发送速率为 100kb/s。\n（2）数据长度为 103bit,数据发送速率为 1Gb/s。\n从上面的计算中可以得到什么样的结论？',NULL,'（1）发送时延： ts=107/105=100s 传播时延 tp=106/(2 ×108)=0.005s\n（2）发送时延 ts =103/109=1 μs 传播时延： tp=106/(2 ×108)=0.005s\n结论：若数据长度大而发送速率低，则在总的时延中，发送时延往往大于传播时延。但若数据长度短而发送速率高，则传播时延就可能是总时延中的主要成分。',0,NULL,'2019-09-02 16:45:28','2019-09-02 16:45:28'),(98,NULL,NULL,6,1,NULL,4,NULL,'网络体系结构为什么要采用分层次的结构？试举出一些与分层体系结构的思想相似的日常生活。',NULL,'分层的好处： \n①各层之间是独立的。 某一层可以使用其下一层提供的服务而不需要知道服务是如何实现的。\n②灵活性好。当某一层发生变化时，只要其接口关系不变，则这层以上或以下的各层均不受影响。\n③结构上可分割开。各层可以采用最合适的技术来实现\n④易于实现和维护。\n⑤能促进标准化工作。\n与分层体系结构的思想相似的日常生活有邮政系统，物流系统。',0,NULL,'2019-09-02 16:46:30','2019-09-02 16:46:30'),(99,NULL,NULL,6,1,NULL,5,NULL,'协议与服务有何区别？有何关系？',NULL,'网络协议：为进行网络中的数据交换而建立的规则、标准或约定。由以下三个要素组成：\n（1）语法：即数据与控制信息的结构或格式。\n（2）语义：即需要发出何种控制信息，完成何种动作以及做出何种响应。\n（3）同步：即事件实现顺序的详细说明。协议是控制两个对等实体进行通信的规则的集合。在协议的控制下，两个对等实体间的通信使得本层能够向上一层提供服务，而要实现本层协议，还需要使用下面一层提供服务。\n协议和服务的概念的区分：\n1、协议的实现保证了能够向上一层提供服务。本层的服务用户只能看见服务而无法看见下面的协议。 下面的协议对上面的服务用户是透明的。\n2、协议是 “水平的 ”，即协议是控制两个对等实体进行通信的规则。但服务是 “垂直的 ”，即服务是由下层通过层间接口向上层提供的。上层使用所提供的服务必须与下层交换一些命令，这些命令在 OSI 中称为服务原语。',0,NULL,'2019-09-02 16:47:25','2019-09-02 16:47:25'),(100,NULL,NULL,6,1,NULL,1,NULL,'网络协议的三个要素是什么？各有什么含义？',NULL,'网络协议：为进行网络中的数据交换而建立的规则、标准或约定。由以下三个要素组成：\n（1）语法：即数据与控制信息的结构或格式。\n（2）语义：即需要发出何种控制信息，完成何种动作以及做出何种响应。\n（3）同步：即事件实现顺序的详细说明。',0,NULL,'2019-09-02 16:47:41','2019-09-02 16:47:41'),(101,NULL,NULL,6,2,NULL,3,NULL,'物理层要解决哪些问题？物理层的主要特点是什么？',NULL,'物理层要解决的主要问题：\n（1）物理层要尽可能地屏蔽掉物理设备和传输媒体，通信手段的不同，使数据链路层感觉不到这些差异，只考虑完成本层的协议和服务。 \n（2）给其服务用户（数据链路层）在一条物理的传输媒体上传送和接收比\n特流（一般为串行按顺序传输的比特流）的能力，为此，物理层应该解决物理连接的建立、维持和释放问题。\n（3）在两个相邻系统之间唯一地标识数据电路\n物理层的主要特点： \n（1）由于在 OSI 之前，许多物理规程或协议已经制定出来了， 而且在数据通信领域中，这些物理规程已被许多商品化的设备所采用，加之，物理层协议涉及的范围广泛，所以至今没有按 OSI 的抽象模型制定一套新的物理层协议，而是沿用已存在的物理规程，将物理层确定为描述与传输媒体接口的机械，电气，功能和规程特性。 \n（2）由于物理连接的方式很多，传输媒体的种类也很多，因此，具体的物理协议相当复杂。',0,NULL,'2019-09-02 16:48:41','2019-09-02 16:48:41'),(102,NULL,NULL,6,2,NULL,1,NULL,'归层与协议有什么区别？',NULL,'规程专指物理层协议',0,NULL,'2019-09-02 16:49:09','2019-09-02 16:49:09'),(103,NULL,NULL,6,2,NULL,1,NULL,'试给出数据通信系统的模型并说明其主要组成构建的作用。',NULL,'源点：源点设备产生要传输的数据。源点又称为源站。\n发送器：通常源点生成的数据要通过发送器编码后才能在传输系统中进行传输。接收器：接收传输系统传送过来的信号， 并将其转换为能够被目的设备处理的信息。 \n终点：终点设备从接收器获取传送过来的信息。终点又称为目的站传输系统：信号物理通道',0,NULL,'2019-09-02 16:50:00','2019-09-02 16:50:00'),(104,NULL,NULL,6,2,NULL,1,NULL,'物理层的接口有哪几个方面的特性？个包含些什么内容？',NULL,'（1）机械特性 明接口所用的接线器的形状和尺寸、引线数目和排列、固定和锁定装置等等。 \n（2）电气特性 指明在接口电缆的各条线上出现的电压的范围。 \n（3）功能特性 指明某条线上出现的某一电平的电压表示何意。\n（4）规程特性说明对于不同功能的各种可能事件的出现顺序。',0,NULL,'2019-09-02 16:50:30','2019-09-02 16:50:30'),(105,NULL,NULL,6,2,NULL,1,NULL,'假定要用 3KHz 带宽的电话信道传送 64kb/s 的数据（无差错传输） ，试问这个信道应具有多高的信噪比（分别用比值和分贝来表示？这个结果说明什么问题？）',NULL,'C=Wlog2（1+S/N）(b/s)\nW=3khz ，C=64khz---- S/N=64.2dB \n是个信噪比要求很高的信源',0,NULL,'2019-09-02 16:51:57','2019-09-02 16:51:57'),(106,NULL,NULL,6,2,NULL,1,NULL,'常用的传输媒体有哪几种？各有何特点？',NULL,'双绞线 屏蔽双绞线 STP(Shielded Twisted Pair)无屏蔽双绞线 \nUTP(Unshielded Twisted Pair)同轴电缆\n50W 同轴电缆  75W 同轴电缆  光缆无线传输：短波通信/微波/卫星通信',0,NULL,'2019-09-02 16:53:21','2019-09-02 16:53:21'),(107,NULL,NULL,6,2,NULL,1,NULL,'为什么要使用信道复用技术？常用的信道复用技术有哪些？',NULL,'为了通过共享信道、最大限度提高信道利用率。频分、时分、码分、波分。',0,NULL,'2019-09-02 16:53:43','2019-09-02 16:53:43'),(108,NULL,NULL,6,2,NULL,3,NULL,'试写出下列英文缩写的全文，并做简单的解释。\nFDM,TDM,STDM,WDM,DWDM,CDMA,SONET,SDH,STM-1 ,OC-48.',NULL,'FDM(frequency division multiplexing)\nTDM(Time Division Multiplexing)\nSTDM(Statistic Time Division Multiplexing)\nWDM(Wave Division Multiplexing)\nDWDM(Dense Wave Division Multiplexing)\nCDMA(Code Wave Division Multiplexing)\nSONET(Synchronous Optical Network) 同步光纤网\nSDH(Synchronous Digital Hierarchy) 同步数字系列\nSTM-1(Synchronous Transfer Module) 第 1 级同步传递模块\nOC-48(Optical Carrier) 第 48 级光载波',0,NULL,'2019-09-02 16:54:09','2019-09-02 16:54:09'),(109,NULL,NULL,6,2,NULL,1,NULL,'码分多址CDMA为什么可以使所有用户在同样的时间使用同样的频带进行通信而不会互相干扰？这种复用方法有何优缺点？',NULL,'各用户使用经过特殊挑选的相互正交的不同码型，因此彼此不会造成干扰。这种系统发送的信号有很强的抗干扰能力，其频谱类似于白噪声，不易被敌人发现。占用较大的带宽。',0,NULL,'2019-09-02 16:54:47','2019-09-02 16:54:47'),(110,NULL,NULL,6,2,NULL,1,NULL,'为什么在ASDL技术中，在不到1MHz的带宽中却可以传送速率高达每秒几个兆比？',NULL,'靠先进的 DMT 编码，频分多载波并行传输、使得每秒传送一个码元就相当于每秒传送多个比特',0,NULL,'2019-09-02 16:55:17','2019-09-02 16:55:17'),(111,NULL,NULL,6,3,NULL,1,NULL,'数据链路(即逻辑链路)与链路(即物理链路)有何区别? “电路接通了”与”数据链路接通了”的区别何在?',NULL,'数据链路与链路的区别在于数据链路出链路外，还必须有一些必要的规程来控制数据的传输，因此，数据链路比链路多了实现通信规程所需要的硬件和软件。“电路接通了”表示链路两端的结点交换机已经开机，物理连接已经能够传送比特流了，但是，数据传输并不可靠，在物理连接基础上，再建立数据链路连接，才是 “数据链路接通了”，此后，由于数据链路连接具有检测、确认和重传功能，才使不太可靠的物理链路变成可靠的数据链路，进行可靠的数据传输当数据链路断开连接时，物理电路连接不一定跟着断开连接。',0,NULL,'2019-09-02 17:32:22','2019-09-02 17:32:22'),(112,NULL,NULL,6,3,NULL,1,NULL,'网络适配器的作用是什么?网络适配器工作在哪一层?',NULL,'适配器（即网卡）来实现数据链路层和物理层这两层的协议的硬件和软件。\n网络适配器工作在TCP/IP协议中的网络接口层（OSI中的数据链里层和物理层）',0,NULL,'2019-09-02 17:33:44','2019-09-02 17:33:44'),(113,NULL,NULL,6,3,NULL,1,NULL,'数据链路层的三个基本问题(帧定界、透明传输和差错检测)为什么都必须加以解决？',NULL,'帧定界是分组交换的必然要求透明传输避免消息符号与帧定界符号相混淆差错检测防止合差错的无效数据帧浪费后续路由上的传输和处理资源。',0,NULL,'2019-09-02 17:34:18','2019-09-02 17:34:18'),(114,NULL,NULL,6,3,NULL,1,NULL,'如果在数据链路层不进行帧定界，会发生什么问题？',NULL,'无法区分分组与分组无法确定分组的控制域和数据域无法将差错更正的范围限定在确切的局部',0,NULL,'2019-09-02 17:34:31','2019-09-02 17:34:31'),(115,NULL,NULL,6,3,NULL,1,NULL,'试分别讨论一下各种情况在什么条件下是透明传输，在什么条件下不是透明传输。',NULL,'（1）普通的电话通信。\n（2）电信局提供的公用电报通信。\n（3）因特网提供的电子邮件服务。',0,NULL,'2019-09-02 17:35:59','2019-09-02 17:35:59'),(116,NULL,NULL,6,3,NULL,1,NULL,'局域网的主要特点是什么？为什么局域网采用广播通信方式而广域网不采用呢？',NULL,'局域网 LAN 是指在较小的地理范围内，将有限的通信设备互联起来的计算机通信网络。\n从功能的角度来看，局域网具有以下几个特点： （1） 共享传输信道，在局域网中，多个系统连接到一个共享的通信媒体上。 （2） 地理范围有限，用户个数有限。通常局域网仅为一个单位服务，只在一个相对独立的局部范围内连网，如一座楼或集中的建筑群内，一般来说，局域网的覆盖范围越位10m~10km内或更大一些。\n从网络的体系结构和传输检测提醒来看，局域网也有自己的特点：（1）低层协议简单（2） 不单独设立网络层，局域网的体系结构仅相当于相当与 OSI/RM 的最低两层（3）采用两种媒体访问控制技术，由于采用共享广播信道，而信道又可用不同的传输媒体，所以局域网面对的问题是多源，多目的的连连管理，由此引发出多中媒体访问控制技术在局域网中各站通常共享通信媒体，采用广播通信方式是天然合适的，广域网通常采站点间直接构成格状网。',0,NULL,'2019-09-02 17:38:15','2019-09-02 17:38:15'),(117,NULL,NULL,6,3,NULL,2,NULL,'常用的局域网的网络拓扑有哪些种类？现在最流行的是哪种结构？为什么早期的以太网选择总线拓扑结构而不是星形拓扑结构，但现在却改为使用星形拓扑结构？',NULL,'星形网，总线网，环形网，树形网 \n当时很可靠的星形拓扑结构较贵，人们都认为无源的总线结构更加可靠，但实践证明，连接有大量站点的总线式以太网很容易出现故障，而现在专用的ASIC 芯片的使用可以将星形结构的集线器做的非常可靠，因此现在的以太网一般都使用星形结构的拓扑。',0,NULL,'2019-09-02 17:39:06','2019-09-02 17:39:06'),(118,NULL,NULL,6,3,NULL,1,NULL,'什么叫做传统以太网？以太网有哪两个主要标准？',NULL,'DIX Ethernet V2 标准的局域网 DIX Ethernet V2 标准与 IEEE 的 802.3 标准',0,NULL,'2019-09-02 17:39:19','2019-09-02 17:39:19'),(119,NULL,NULL,6,3,NULL,3,NULL,'以太网使用的 CSMA/CD协议是以争用方式接入到共享信道。这与传统的时分复用 TDM 相比优缺点如何？',NULL,'传统的时分复用TDM是静态时隙分配，均匀高负荷时信道利用率高，低负荷或符合不均匀时资源浪费较大， CSMA/CD 课动态使用空闲新到资源，低负荷时信道利用率高，但控制复杂，高负荷时信道冲突大。',0,NULL,'2019-09-02 17:40:53','2019-09-02 17:40:53'),(120,NULL,NULL,6,3,NULL,1,NULL,'假定1km长的CSMA/CD网络的数据率为1Gb/s。设信号在网络上的传播速率为 200000km/s。求能够使用此协议的最短帧长。',NULL,'对于1km电缆，单程传播时间为1/200000=5为微秒，来回路程传播时间为10微秒，为了能够按照CSMA/CD工作，最小帧的发射时间不能小于10微秒，以 Gb/s 速率工作，10微秒可以发送的比特数等于10*10^-6/1*10^-9=10000,因此，最短帧是10000位或1250字节长',0,NULL,'2019-09-02 17:42:42','2019-09-02 17:42:42'),(121,NULL,NULL,6,3,NULL,3,NULL,'假定一个以太网上的通信量中的 80%是在本局域网上进行的， 而其余的 20%的通信量是在本局域网和因特网之间进行的。另一个以太网的情况则反过来。这两个以太网一个使用以太网集线器，而另一个使用以太网交换机。你认为以太网交换机应当用在哪一个网络？',NULL,'集线器为物理层设备，模拟了总线这一共享媒介共争用，成为局域网通信容量的瓶颈。交换机则为链路层设备，可实现透明交换局域网通过路由器与因特网相连当本局域网和因特网之间的通信量占主要成份时，形成集中面向路由器的数据流，使用集线器冲突较大，采用交换机能得到改善。当本局域网内通信量占主要成份时，采用交换机改善对外流量不明显。',0,NULL,'2019-09-02 17:43:51','2019-09-02 17:43:51'),(122,NULL,NULL,6,3,NULL,2,NULL,'以太网交换机有何特点？用它怎样组成虚拟局域网？',NULL,'以太网交换机则为链路层设备，可实现透明交换虚拟局域网 VLAN 是由一些局域网网段构成的与物理位置无关的逻辑组。 这些网段具有某些共同的需求。 虚拟局域网协议允许在以太网的帧格式中插入一个4字节的标识符，称为 VLAN 标记 (tag)，用来指明发送该帧的工作站属于哪一个虚拟局域网。',0,NULL,'2019-09-02 17:44:17','2019-09-02 17:44:17'),(123,NULL,NULL,6,4,NULL,1,NULL,'网络层向上提供的服务有哪两种？比较其优缺点。',NULL,'“面向连接 ”虚电路（Virtual Circuit）服务或“无连接”数据报服务前者预约了双方通信所需的一切网络资源。优点是能提供服务质量的承诺。即所传送的分组不出错、丢失、重复和失序（不按序列到达终点），也保证分组传送的时限，缺点是路由器复杂，网络成本高；后者无网络资源障碍，尽力而为，优缺点与前者互易。',0,NULL,'2019-09-02 17:45:12','2019-09-02 17:45:12'),(124,NULL,NULL,6,4,NULL,1,NULL,'网络互连有何实际意义？进行网络互连时，有哪些共同的问题需要解决？',NULL,'网络互联可扩大用户共享资源范围和更大的通信区域\n进行网络互连时，需要解决共同的问题有：\n不同的寻址方案不同的最大分组长度\n不同的网络接入机制\n不同的超时控制\n不同的差错恢复方法\n不同的状态报告方法\n不同的路由选择技术\n不同的用户接入控制\n不同的服务（面向连接服务和无连接服务）\n不同的管理与控制方式',0,NULL,'2019-09-02 17:45:37','2019-09-02 17:45:37'),(125,NULL,NULL,6,4,NULL,1,NULL,'作为中间设备，转发器、网桥、路由器和网关有何区别？',NULL,'中间设备又称为中间系统或中继 (relay)系统。\n物理层中继系统：转发器 (repeater)。\n数据链路层中继系统：网桥或桥接器 (bridge)。\n网络层中继系统：路由器 (router)。\n网桥和路由器的混合物：桥路器 (brouter)。\n网络层以上的中继系统：网关 (gateway)。',0,NULL,'2019-09-02 17:45:56','2019-09-02 17:45:56'),(126,NULL,NULL,6,4,NULL,3,NULL,'试简单说明下列协议的作用： IP、ARP、RARP 和 ICMP 。\nIP协议：实现网络互连。使参与互连的性能各异的网络从用户看起来好像是一个统一的网络。网际协议IP是 TCP/IP 体系中两个最主要的协议之一，与 IP 协议配套使用的还有四个协议。\nARP协议：是解决同一个局域网上的主机或路由器的 IP 地址和硬件地址的映射问题。\nRARP：是解决同一个局域网上的主机或路由器的硬件地址和 IP 地址的映射问题。\nICMP：提供差错报告和询问报文，以提高 IP 数据交付成功的机会\n因特网组管理协议IGMP ：用于探寻、转发本局域网内的组成员关系。',NULL,'',0,NULL,'2019-09-02 17:46:38','2019-09-02 17:46:38'),(127,NULL,NULL,6,4,NULL,1,NULL,'IP 地址方案与我国的电话号码体制的主要不同点是什么？',NULL,'于网络的地理分布无关',0,NULL,'2019-09-02 17:47:38','2019-09-02 17:47:38'),(128,NULL,NULL,6,4,NULL,2,NULL,'试辨认以下 IP 地址的网络类别。\n（1）128.36.199.3 \n（2）21.12.240.17 \n（3）183.194.76.253 \n（4）192.12.69.248 \n（5）89.3.0.1 \n（6）200.3.6.2',NULL,'(2)和(5)是 A 类,(1)和(3)是 B 类,(4)和(6)是 C 类.',0,NULL,'2019-09-02 17:48:22','2019-09-02 17:48:22'),(129,NULL,NULL,6,4,NULL,1,NULL,'IP 数据报中的首部检验和并不检验数据报中的数据。这样做的最大好处是什么？坏处是什么？',NULL,'在首部中的错误比在数据中的错误更严重，例如，一个坏的地址可能导致分组被投寄到错误的主机。许多主机并不检查投递给他们的分组是否确实是要投递给它们，它们假定网络从来不会把本来是要前往另一主机的分组投递给它们。数据不参与检验和的计算，因为这样做代价大，上层协议通常也做这种检验工作，从前，从而引起重复和多余。因此，这样做可以加快分组的转发，但是数据部分出现差错时不能及早发现。',0,NULL,'2019-09-02 17:48:47','2019-09-02 17:48:47'),(130,NULL,NULL,6,4,NULL,4,NULL,'当某个路由器发现一 IP 数据报的检验和有差错时，为什么采取丢弃的办法而不是要求源站重传此数据报？计算首部检验和为什么不采用 CRC 检验码？',NULL,'纠错控制由上层（传输层）执行IP首部中的源站地址也可能出错请错误的源地址重传数据报是没有意义的不采用CRC简化解码计算量，提高路由器的吞吐量。',0,NULL,'2019-09-02 17:49:52','2019-09-02 17:49:52'),(131,NULL,NULL,6,4,NULL,2,NULL,'什么是最大传送单元 MTU ？它和 IP 数据报的首部中的哪个字段有关系？',NULL,'IP 层下面数据链里层所限定的帧格式中数据字段的最大长度，与 IP 数据报首部中的总长度字段有关系',0,NULL,'2019-09-02 17:50:29','2019-09-02 17:50:29'),(132,NULL,NULL,6,4,NULL,4,NULL,'在因特网中将 IP 数据报分片传送的数据报在最后的目的主机进行组装。还可以有另一种做法，即数据报片通过一个网络就进行一次组装。是比较这两种方法的优劣。在目的站而不是在中间的路由器进行组装是由于：',NULL,'（1）路由器处理数据报更简单些；效率高，延迟小。\n（2）数据报的各分片可能经过各自的路径。 因此在每一个中间的路由器进行组装可能总会缺少几个数据报片。\n（3）也许分组后面还要经过一个网络， 它还要给这些数据报片划分成更小的片。 如果在中间的路由器进行组装就可能会组装多次。',0,NULL,'2019-09-02 17:51:32','2019-09-02 17:51:32'),(133,NULL,NULL,6,4,NULL,3,NULL,'一个 3200 位长的 TCP 报文传到 IP 层，加上 160 位的首部后成为数据报。下面的互联网由两个局域网通过路由器连接起来。 但第二个局域网所能传送的最长数据帧中的数据部分只有 1200 位。因此数据报在路由器必须进行分片。试问第二个局域网向其上层要传送多少比特的数据（这里的 “数据 ”当然指的是局域网看见的数据） ?',NULL,'第二个局域网所能传送的最长数据帧中的数据部分只有1200bit，即每个IP数据片的数据部分<1200-160(bit)，由于片偏移是以8字节即64bit为单位的，所以IP数据片的数据部分最大不超过1024bit，这样 3200bit 的报文要分4个数据片，所以第二个局域网向上传送的比特数等于（3200+4×160），共3840bit。',0,NULL,'2019-09-02 17:53:30','2019-09-02 17:53:30'),(134,NULL,NULL,6,4,NULL,3,NULL,'有两个CIDR地址块 208.128/11 和 208.130.28/22。是否有那一个地址块包含了另一个地址？如果有，请指出，并说明理由。',NULL,'208.128/11 的前缀为： 11010000 100\n208.130.28/22 的前缀为： 11010000 10000010 000101，它的前 11 位与 208.128/11 的前缀是一致的，所以208.128/11 地址块包含了 208.130.28/22 这一地址块。',0,NULL,'2019-09-02 17:54:26','2019-09-02 17:54:26'),(135,NULL,NULL,6,4,NULL,3,NULL,'以下地址中的哪一个和 86.32/12 匹配：请说明理由。\n（1）86.33.224．123：（2）86.79.65.216；（3）86.58.119.74; \n(4) 86.68.206.154。',NULL,'86.32/12 86.00100000 下划线上为 12 位前缀说明第二字节的前4位在前缀中。给出的四个地址的第二字节的前4位分别为：0010 ，0100 ，0011 和 0100。因此只有（1）是匹配的。',0,NULL,'2019-09-02 17:56:19','2019-09-02 17:56:19'),(136,NULL,NULL,6,4,NULL,1,NULL,'与下列掩码相对应的网络前缀各有多少位？\n（1）192.0.0.0；（2）240.0.0.0；（3）255.254.0.0；\n（4）255.255.255.252。',NULL,'（1）/2 ; (2) /4 ; (3) /11 ; (4) /30',0,NULL,'2019-09-02 17:56:56','2019-09-02 17:56:56'),(137,NULL,NULL,6,4,NULL,4,NULL,'某单位分配到一个地址块 136.23.12.64/26。现在需要进一步划分为 4 个一样大的子网。试问 :\n（1）每一个子网的网络前缀有多长？\n（2）每一个子网中有多少个地址？\n（3）每一个子网的地址是什么？\n（4）每一个子网可分配给主机使用的最小地址和最大地址是什么？',NULL,'（1）每个子网前缀 28 位。\n（2）每个子网的地址中有 4 位留给主机用，因此共有 16 个地址。\n（3）四个子网的地址块是：\n第一个地址块 136.23.12.64/28，可分配给主机使用的\n最小地址： 136.23.12.01000001＝136.23.12.65/28\n最大地址： 136.23.12.01001110＝136.23.12.78/28\n第二个地址块 136.23.12.80/28，可分配给主机使用的\n最小地址： 136.23.12.01010001＝136.23.12.81/28\n最大地址： 136.23.12.01011110＝136.23.12.94/28\n第三个地址块 136.23.12.96/28，可分配给主机使用的\n最小地址： 136.23.12.01100001＝136.23.12.97/28\n最大地址： 136.23.12.01101110＝136.23.12.110/28\n第四个地址块 136.23.12.112/28，可分配给主机使用的\n最小地址： 136.23.12.01110001＝136.23.12.113/28\n最大地址： 136.23.12.01111110＝136.23.12.126/28',0,NULL,'2019-09-02 17:57:59','2019-09-02 17:57:59'),(138,NULL,NULL,6,4,NULL,3,NULL,'IGP 和 EGP 这两类协议的主要区别是什么？',NULL,'IGP：在自治系统内部使用的路由协议；力求最佳路由\nEGP：在不同自治系统便捷使用的路由协议；力求较好路由（不兜圈子）\nEGP 必须考虑其他方面的政策，需要多条路由。代价费用方面可能可达性更重要。\nIGP：内部网关协议，只关心本自治系统内如何传送数据报，与互联网中其他自治系统使用什么协议无关。\nEGP：外部网关协议，在不同的 AS 边界传递路由信息的协议，不关心 AS 内部使用何种协议。',0,NULL,'2019-09-02 17:58:19','2019-09-02 17:58:19'),(139,NULL,NULL,6,4,NULL,5,NULL,'RIP 使用 UDP，OSPF 使用 IP，而 BGP 使用 TCP。这样做有何优点？为什么 RIP 周期性地和临站交换路由器由信息而 BGP 却不这样做？',NULL,'RIP 只和邻站交换信息，使用 UDP 无可靠保障，但开销小，可以满足 RIP 要求； OSPF 使用可靠的洪泛法，直接使用 IP，灵活、开销小；\nBGP 需要交换整个路由表和更新信息，TCP 提供可靠交付以减少带宽消耗；\nRIP 使用不保证可靠交付的UDP，因此必须不断地（周期性地）和邻站交换信息才能使路由信息及时得到更新。但 BGP 使用保证可靠交付的 TCP 因此不需要这样做。',0,NULL,'2019-09-02 17:59:51','2019-09-02 17:59:51'),(140,NULL,NULL,6,5,NULL,3,NULL,'试说明运输层在协议栈中的地位和作用，运输层的通信和网络层的通信有什么重要区别？为什么运输层是必不可少的？',NULL,'运输层处于面向通信部分的最高层， 同时也是用户功能中的最低层， 向它上面的应用层提供服务运输层为应用进程之间提供端到端的逻辑通信，但网络层是为主机之间提供逻辑通信（面向主机，承担路由功能，即主机寻址及有效的分组交换）。各种应用进程之间通信需要“可靠或尽力而为”的两类服务质量，必须由运输层以复用和分用的形式加载到网络层。',0,NULL,'2019-09-02 18:01:28','2019-09-02 18:01:28'),(141,NULL,NULL,6,5,NULL,1,NULL,'网络层提供数据报或虚电路服务对上面的运输层有何影响？',NULL,'网络层提供数据报或虚电路服务不影响上面的运输层的运行机制。但提供不同的服务质量。',0,NULL,'2019-09-02 18:01:47','2019-09-02 18:01:47'),(142,NULL,NULL,6,5,NULL,1,NULL,'当应用程序使用面向连接的 TCP 和无连接的 IP 时，这种传输是面向连接的还是面向无连接的？',NULL,'都是。这要在不同层次来看，在运输层是面向连接的，在网络层则是无连接的。',0,NULL,'2019-09-02 18:02:04','2019-09-02 18:02:04'),(143,NULL,NULL,6,5,NULL,1,NULL,'接收方收到有差错的UDP用户数据报时应如何处理？',NULL,'丢弃',0,NULL,'2019-09-02 18:02:33','2019-09-02 18:02:33'),(144,NULL,NULL,6,5,NULL,1,NULL,'如果应用程序愿意使用 UDP 来完成可靠的传输，这可能吗？请说明理由',NULL,'可能，但应用程序中必须额外提供与 TCP 相同的功能。',0,NULL,'2019-09-02 18:02:57','2019-09-02 18:02:57'),(145,NULL,NULL,6,5,NULL,1,NULL,'为什么说 UDP 是面向报文的，而 TCP 是面向字节流的？',NULL,'发送方 UDP 对应用程序交下来的报文，在添加首部后就向下交付 IP 层。UDP 对应用层交下来的报文，既不合并，也不拆分，而是保留这些报文的边界。接收方 UDP 对 IP 层交上来的 UDP 用户数据报，在去除首部后就原封不动地交付上层的应用进程，一次交付一个完整的报文。发送方 TCP 对应用程序交下来的报文数据块，视为无结构的字节流（无边界约束，课分拆 /合并），但维持各字节',0,NULL,'2019-09-02 18:03:23','2019-09-02 18:03:23'),(146,NULL,NULL,6,5,NULL,2,NULL,'端口的作用是什么？为什么端口要划分为三种？',NULL,'端口的作用是对 TCP/IP 体系的应用进程进行统一的标志，使运行不同操作系统的计算机的应用进程能够互相通信。熟知端口，数值一般为 0~1023.标记常规的服务进程；登记端口号，数值为 1024~49151，标记没有熟知端口号的非常规的服务进程',0,NULL,'2019-09-02 18:04:01','2019-09-02 18:04:01'),(147,NULL,NULL,6,5,NULL,1,NULL,'试说明运输层中伪首部的作用。',NULL,'用于计算运输层数据报校验和。',0,NULL,'2019-09-02 18:04:19','2019-09-02 18:04:19'),(148,NULL,NULL,6,5,NULL,3,NULL,'某个应用进程使用运输层的用户数据报 UDP ，然而继续向下交给 IP 层后，又封装成 IP 数据报。既然都是数据报，可否跳过 UDP 而直接交给 IP 层？哪些功能 UDP 提供了但 IP 没提提供？',NULL,'不可跳过 UDP 而直接交给 IP 层 IP 数据报 IP 报承担主机寻址，提供报头检错；只能找到目的主机而无法找到目的进程。 UDP 提供对应用进程的复用和分用功能，以及提供对数据差分的差错检验。',0,NULL,'2019-09-02 18:04:50','2019-09-02 18:04:50'),(149,NULL,NULL,6,5,NULL,2,NULL,'一个 UDP 用户数据的数据字段为 8192 季节。在数据链路层要使用以太网来传送。试问应当划分为几个 IP 数据报片？说明每一个 IP 数据报字段长度和片偏移字段的值。',NULL,'6个数据字段的长度： 前5个是 1480 字节，最后一个是 800 字节。片偏移字段的值分别是： 0，1480，2960，4440，5920 和 7400.',0,NULL,'2019-09-02 18:05:29','2019-09-02 18:05:29'),(150,NULL,NULL,6,5,NULL,1,NULL,'使用 TCP 对实时话音数据的传输有没有什么问题？使用 UDP 在传送数据文件时会有什么问题？',NULL,'如果语音数据不是实时播放（边接受边播放）就可以使用 TCP，因为 TCP 传输可靠。接收端用 TCP讲话音数据接受完毕后，可以在以后的任何时间进行播放。但假定是实时传输，则必须使用 UDP。 UDP不保证可靠交付，但 UCP 比 TCP 的开销要小很多。因此只要应用程序接受这样的服务质量就可以使用 UDP。',0,NULL,'2019-09-02 18:06:06','2019-09-02 18:06:06'),(151,NULL,NULL,6,5,NULL,3,NULL,'在停止等待协议中如果不使用编号是否可行？为什么？',NULL,'分组和确认分组都必须进行编号，才能明确哪个分则得到了确认。',0,NULL,'2019-09-02 18:06:19','2019-09-02 18:06:19'),(152,NULL,NULL,6,5,NULL,1,NULL,'在停止等待协议中，如果收到重复的报文段时不予理睬（即悄悄地丢弃它而其他什么也没做）是否可行？试举出具体的例子说明理由。',NULL,'收到重复帧不确认相当于确认丢失',0,NULL,'2019-09-02 18:06:33','2019-09-02 18:06:33'),(153,NULL,NULL,6,6,NULL,1,NULL,'因特网的域名结构是怎么样的？它与目前的电话网的号码结构有何异同之处？',NULL,'（1）域名的结构由标号序列组成，各标号之间用点隔开：\n… . 三级域名 . 二级域名 . 顶级域名\n各标号分别代表不同级别的域名。\n（2）电话号码分为国家号结构分为（中国 +86）、区号、本机号。',0,NULL,'2019-09-02 18:07:18','2019-09-02 18:07:18'),(154,NULL,NULL,6,6,NULL,3,NULL,'域名系统的主要功能是什么？域名系统中的本地域名服务器、根域名服务器、顶级域名服务器以及\n权限域名权服务器有何区别？',NULL,'域名系统的主要功能：将域名解析为主机能识别的 IP 地址。\n因特网上的域名服务器系统也是按照域名的层次来安排的。每一个域名服务器都只对域名体系中的一部分进行管辖。共有三种不同类型的域名服务器。即本地域名服务器、根域名服务器、授权域名服务器。当一个本地域名服务器不能立即回答某个主机的查询时， 该本地域名服务器就以 DNS 客户的身份向某一个根域名服务器查询。 若根域名服务器有被查询主机的信息， 就发送 DNS 回答报文给本地域名服务器，然后本地域名服务器再回答发起查询的主机。但当根域名服务器没有被查询的主机的信息时，它一定知道某个保存有被查询的主\n机名字映射的授权域名服务器的 IP 地址。 通常根域名服务器用来管辖顶级域。 根域名服务器并不直接对顶级域下面所属的所有的域名进行转换，但它一定能够找到下面的所有二级域名的域名服务器。每一个主机都必须在授权域名服务器处注册登记。通常，一个主机的授权域名服务器就是它的主机 ISP 的一个域名服务器。授权域名服务器总是能够将其管辖的主机名转换为该主机的 IP 地址。 因特网允许各个单位根据本单位的具体情况将本域名划分为若干个域名服务器管辖区。 一般就在各管辖区中设置相应的授权域名服务器。',0,NULL,'2019-09-02 18:08:10','2019-09-02 18:08:10'),(155,NULL,NULL,6,6,NULL,1,NULL,'举例说明域名转换的过程。域名服务器中的高速缓存的作用是什么？',NULL,'（1）把不方便记忆的 IP 地址转换为方便记忆的域名地址。\n（2）作用：可大大减轻根域名服务器的负荷，使因特网上的 DNS 查询请求和回答报文的数量大为减少。',0,NULL,'2019-09-02 18:08:42','2019-09-02 18:08:42'),(156,NULL,NULL,6,6,NULL,3,NULL,'远程登录 TELNET 的主要特点是什么？什么叫做虚拟终端 NVT ？',NULL,'（1）用户用 TELNET 就可在其所在地通过 TCP 连接注册（即登录）到远地的另一个主机上（使用主机名或 IP 地址）。TELNET 能将用户的击键传到远地主机， 同时也能将远地主机的输出通过 TCP 连接返回到用户屏幕。这种服务是透明的，因为用户感觉到好像键盘和显示器是直接连在远地主机上。\n（2）TELNET 定义了数据和命令应该怎样通过因特网，这些定义就是所谓的网络虚拟终端 NVT 。',0,NULL,'2019-09-02 18:09:41','2019-09-02 18:09:41'),(157,NULL,NULL,6,6,NULL,1,NULL,'假定一个超链从一个万维网文档链接到另一个万维网文档时， 由于万维网文档上出现了差错而使得超链只想一个无效的计算机名字。这是浏览器将向用户报告什么？',NULL,'404 Not Found。',0,NULL,'2019-09-02 18:10:21','2019-09-02 18:10:21'),(158,NULL,NULL,6,6,NULL,1,NULL,'假定要从已知的 URL 获得一个万维网文档。若该万维网服务器的 Ip 地址开始时并不知道。试问：除 HTTP 外，还需要什么应用层协议和传输层协议？',NULL,'应用层协议需要的是 DNS。\n运输层协议需要的是 UDP（DNS）使用和 TCP（HTTP 使用）。',0,NULL,'2019-09-02 18:10:40','2019-09-02 18:10:40'),(159,NULL,NULL,6,6,NULL,1,NULL,'什么是动态文档？试举出万维网使用动态文档的一些例子。',NULL,'Dynamic document 动态文档： 与 www 文档有关的计算机程序，它能生成所需的文档。当浏览器需要动态文档时，服务器就运行该程序并发送输出到浏览器。动态文档程序对每个需求可生成不同的输出。',0,NULL,'2019-09-02 18:11:27','2019-09-02 18:11:27'),(160,NULL,NULL,6,6,NULL,3,NULL,'搜索引擎可分为哪两种类型？各有什么特点？',NULL,'搜索引擎的种类很多，大体上可划分为两大类，即全文检索搜索引擎和分类目录搜索引擎。全文检索搜索引擎是一种纯技术型的检索工具。它的工作原理是通过搜索软件到因特网上的各网站收集信息，找到一个网站后可以从这个网站再链接到另一个网站。然后按照一定的规则建立一个很大的在线数据库供用户查询。用户在查询时只要输入关键词，就从已经建立的索引数据库上进行查询（并不是实时地在因特网上检索到的信息）。分类目录搜索引擎并不采集网站的任何信息，而是利用各网站向搜索引擎提交的网站信息时填写的关键词和网站描述等信息，经过人工审核编辑后，如果认为符合网站登录的条件，则输入到分类目录的数据库中，供网上用户查询。',0,NULL,'2019-09-02 18:12:22','2019-09-02 18:12:22'),(161,NULL,NULL,6,6,NULL,3,NULL,'试简述 SMTP 通信的三个阶段的过程。',NULL,'1. 连接建立： 连接是在发送主机的 SMTP 客户和接收主机的 SMTP 服务器之间建立的。 SMTP不使用中间的邮件服务器。 \n2. 邮件传送。 \n3. 连接释放：邮件发送完毕后， SMTP 应释放 TCP 连接。',0,NULL,'2019-09-02 18:13:02','2019-09-02 18:13:02'),(162,NULL,NULL,6,6,NULL,1,NULL,'SNMP 使用 UDP 传送报文，为什么不使用 TCP？',NULL,'使用 UDP 是为了提高网管的效率',0,NULL,'2019-09-02 18:13:27','2019-09-02 18:13:27'),(163,NULL,NULL,6,6,NULL,2,NULL,'为什么 SNMP 的管理进程使用轮询掌握全网状态用于正常情况而代理进程用陷阱向管理进程报告属于较少发生的异常情况？',NULL,'使用轮询以维持对网络资源的实时监视，系统简单并限制通信量。陷阱的中断方式更灵活、快',0,NULL,'2019-09-02 18:14:08','2019-09-02 18:14:08'),(164,NULL,NULL,7,1,NULL,1,NULL,'试述数据、数据库、数据库系统、数据库管理系统的概念。',NULL,'( l ）数据（ Data ) ：描述事物的符号记录称为数据。数据的种类有数字、文字、图形、图像、声音、正文等。数据与其语义是不可分的。解析在现代计算机系统中数据的概念是广义的。早期的计算机系统主要用于科学计算，处理的数据是整数、实数、浮点数等传统数学中的数据。现代计算机能存储和处理的对象十分广泛，表示这些对象的数据也越来越复杂。数据与其语义是不可分的。 500 这个数字可以表示一件物品的价格是 500 元，也可以表示一个学术会议参加的人数有 500 人，还可以表示一袋奶粉重 500 克。 \n( 2 ）数据库（ DataBase ，简称 DB ) ：数据库是长期储存在计算机内的、有组织的、可共享的数据集合。数据库中的数据按一定的数据模型组织、描述和储存，具有较小的冗余度、较高的数据独立性和易扩展性，并可为各种用户共享。\n( 3 ）数据库系统（ DataBas 。 Sytem ，简称 DBS ) ：数据库系统是指在计算机系统中引入数据库后的系统构成，一般由数据库、数据库管理系统（及其开发工具）、应用系统、数据库管理员构成。解析数据库系统和数据库是两个概念。数据库系统是一个人一机系统，数据库是数据库系统的一个组成部分。但是在日常工作中人们常常把数据库系统简称为数据库。希望读者能够从人们讲话或文章的上下文中区分“数据库系统”和“数据库”，不要引起混淆。 \n( 4 ）数据库管理系统（ DataBase Management sytem ，简称 DBMs ) ：数据库管理系统是位于用户与操作系统之间的一层数据管理软件，用于科学地组织和存储数据、高效地获取和维护数据。 DBMS 的主要功能包括数据定义功能、数据操纵功能、数据库的运行管理功能、数据库的建立和维护功能。解析 DBMS 是一个大型的复杂的软件系统，是计算机中的基础软件。目前，专门研制 DBMS 的厂商及其研制的 DBMS 产品很多。著名的有美国 IBM 公司的 DBZ 关系数据库管理系统和 IMS 层次数据库管理系统、美国 Oracle 公司的 orade 关系数据库管理系统、 美国微软公司的 SQL Serve ，关系数据库管理系统等。',0,NULL,'2019-09-02 18:25:24','2019-09-02 18:25:24'),(165,NULL,NULL,7,1,NULL,1,NULL,'使用数据库系统有什么好处？',NULL,'使用数据库系统的好处是由数据库管理系统的特点或优点决定的。使用数据库系统的好处很多，例如，可以大大提高应用开发的效率，方便用户的使用，减轻数据库系统管理人员维护的负担，等等。使用数据库系统可以大大提高应用开发的效率。因为在数据库系统中应用程序不必考虑数据的定义、存储和数据存取的具体路径，这些工作都由 DBMS 来完成。用一个通俗的比喻，使用了 DBMS 就如有了一个好参谋、好助手，许多具体的技术工作都由这个助手来完成。开发人员就可以专注于应用逻辑的设计，而不必为数据管理的许许多多复杂的细节操心。还有，当应用逻辑改变，数据的逻辑结构也需要改变时，由于数据库系统提供了数据与程序之间的独立性，数据逻辑结构的改变是 DBA 的责任，开发人员不必修改应用程序，或者只需要修改很少的应用程序，从而既简化了应用程序的编制，又大大减少了应用程序的维护和修改。使用数据库系统可以减轻数据库系统管理人员维护系统的负担。因为 DBMS 在数据库建立、运用和维护时对数据库进行统一的管理和控制，包括数据的完整性、安全性、多用户并发控制、故障恢复等，都由 DBMS 执行。总之，使用数据库系统的优点是很多的，既便于数据的集中管理，控制数据冗余，提高数据的利用率和一致性，又有利于应用程序的开发和维护。读者可以在自己今后的工作中结合具体应用，认真加以体会和总结。',0,NULL,'2019-09-02 18:25:37','2019-09-02 18:25:37'),(166,NULL,NULL,7,1,NULL,1,NULL,'试述文件系统与数据库系统的区别和联系。',NULL,'文件系统与数据库系统的区别是：文件系统面向某一应用程序，共享性差，冗余度大，数据独立性差，记录内有结构，整体无结构，由应用程序自己控制。数据库系统面向现实世界，共享性高，冗余度小，具有较高的物理独立性和一定的逻辑独立性，整体结构化，用数据模型描述，由数据库管理系统提供数据的安全性、完整性、并发控制和恢复能力。\n文件系统与数据库系统的联系是：文件系统与数据库系统都是计算机系统中管理数据的软件。解析文件系统是操作系统的重要组成部分；而 DBMS 是独立于操作系统的软件。但是 DBMS 是在操作系统的基础上实现的；数据库中数据的组织和存储是通过操作系统中的文件系统来实现的。',0,NULL,'2019-09-02 18:25:49','2019-09-02 18:25:49'),(167,NULL,NULL,7,1,NULL,1,NULL,'举出适合用文件系统而不是数据库系统的例子；再举出适合用数据库系统的应用例子。',NULL,'( l ）适用于文件系统而不是数据库系统的应用例子数据的备份、软件或应用程序使用过程中的临时数据存储一般使用文件比较合适。早期功能比较简单、比较固定的应用系统也适合用文件系统。\n ( 2 ）适用于数据库系统而非文件系统的应用例子目前，几乎所有企业或部门的信息系统都以数据库系统为基础，都使用数据库。例如，一个工厂的管理信息系统（其中会包括许多子系统，如库存管理系统、物资采购系统、作业调度系统、设备管理系统、人事管理系统等），学校的学生管理系统，人事管理系统，图书馆的图书管理系统，等等，都适合用数据库系统。',0,NULL,'2019-09-02 18:26:05','2019-09-02 18:26:05'),(168,NULL,NULL,7,1,NULL,1,NULL,'试述数据库系统的特点。',NULL,'数据库系统的主要特点有：\n ( l ）数据结构化数据库系统实现整体数据的结构化，这是数据库的主要特征之一，也是数据库系统与文件系统的本质区别。解析注意这里的“整体’夕两个字。在数据库系统中，数据不再针对某一个应用，而是面向全组织，具有整体的结构化。不仅数据是结构化的，而且数据的存取单位即一次可以存取数据的大小也很灵活，可以小到某一个数据项（如一个学生的姓名），大到一组记录（成千上万个学生记录）。而在文件系统中，数据的存取单位只有一个：记录，如一个学生的完整记录。\n ( 2 ）数据的共享性高，冗余度低，易扩充数据库的数据不再面向某个应用而是面向整个系统，因此可以被多个用户、多个应用以多种不同的语言共享使用。由于数据面向整个系统，是有结构的数据，不仅可以被多个应用共享使用，而且容易增加新的应用，这就使得数据库系统弹性大，易于扩充。解析数据共享可以大大减少数据冗余，节约存储空间，同时还能够避免数据之间的不相容性与不一致性。所谓“数据面向某个应用”是指数据结构是针对某个应用设计的，只被这个应用程序或应用系统使用，可以说数据是某个应用的“私有资源”。所谓“弹性大”是指系统容易扩充也容易收缩，即应用增加或减少时不必修改整个数据库的结构，只需做很少的改动。可以取整体数据的各种子集用于不同的应用系统，当应用需求改变或增加时，只要重新选取不同的子集或加上一部分数据，便可以满足新的需求。\n ( 3 ）数据独立性高数据独立性包括数据的物理独立性和数据的逻辑独立性。数据库管理系统的模式结构和二级映像功能保证了数据库中的数据具有很高的物理独立性和逻辑独立性。\n( 4 ）数据由 DBMS 统一管理和控制数据库的共享是并发的共享，即多个用户可以同时存取数据库中的数据甚至可以同时存取数据库中同一个数据。为此， DBMS 必须提供统一的数据控制功能，包括数据的安全性保护、数据的完整性检查、并发控制和数据库恢复。解析 DBMS 数据控制功能包括四个方面：数据的安全性保护：保护数据以防止不合法的使用造成的数据的泄密和破坏；数据的完整性检查：将数据控制在有效的范围内，或保证数据之间满足一定的关系；并发控制：对多用户的并发操作加以控制和协调，保证并发操作的正确性；数据库恢复：当计算机系统发生硬件故障、软件故障，或者由于操作员的失误以及故意的破坏影响数据库中数据的正确性，甚至造成数据库部分或全部数据的丢失时，能将数据库从错误状态恢复到某一已知的正确状态（亦称为完整状态或一致状态）。下面可以得到“什么是数据库”的一个定义：数据库是长期存储在计算机内有组织的大量的共享的数据集合，它可以供各种用户共享，具有最小冗余度和较高的数据独立性。 DBMS 在数据库建立、运用和维护时对数据库进行统一控制，以保证数据的完整性、安全性，并在多用户同时使用数据库时进行并发控制，在发生故障后对系统进行恢复。数据库系统的出现使信息系统从以加工数据的程序为中心转向围绕共享的数据库为中心的新阶段。',0,NULL,'2019-09-02 18:26:21','2019-09-02 18:26:21'),(169,NULL,NULL,7,1,NULL,1,NULL,'数据库管理系统的主要功能有哪些？',NULL,'( l ）数据库定义功能； \n( 2 ）数据存取功能； \n( 3 ）数据库运行管理； \n( 4 ）数据库的建立和维护功能。',0,NULL,'2019-09-02 18:26:30','2019-09-02 18:26:30'),(170,NULL,NULL,7,1,NULL,1,NULL,'什么是概念模型？试述概念模型的作用。',NULL,'概念模型，也称信息模型，是按用户的观点来对数据和信息建模，主要用于数据库设计。\n概念模型实际上是现实世界到机器世界的一个中间层次。概念模型用于信息世界的建模，是现实世界到信息世界的第一层抽象，是数据库设计人员进行数据库设计的有力工具，也是数据库设计人员和用户之间进行交流的语言。',0,NULL,'2019-09-02 18:26:42','2019-09-02 18:26:42'),(171,NULL,NULL,7,1,NULL,1,NULL,'定义并解释概念模型中以下术语：实体，实体型，实体集，实体之间的联系。',NULL,'实体：客观存在并可以相互区分的事物叫实体。实体型：具有相同属性的实体具有相同的特征和性质，用实体名及其属性名集合来抽象和刻画同类实体，称为实体型。实体集：同型实体的集合称为实体集；实体之间的联系：通常是指不同实体型的实体集之间的联系，实体之间的联系有一对一，一对多和多对多等多种类型。',0,NULL,'2019-09-02 18:26:58','2019-09-02 18:26:58'),(172,NULL,NULL,7,1,NULL,1,NULL,'试述数据模型的概念、数据模型的作用和数据模型的三个要素。',NULL,'数据模型是数据库中用来对现实世界进行抽象的工具，是数据库中用于提供信息表示和操作手段的形式构架。一般地讲，数据模型是严格定义的概念的集合。这些概念精确描述了系统的静态特性、动态特性和完整性约束条件。因此数据模型通常由数据结构、数据操作和完整性约束三部分组成。\n ( l ）数据结构：是所研究的对象类型的集合，是对系统静态特性的描述。\n ( 2 ）数据操作：是指对数据库中各种对象（型）的实例（值）允许进行的操作的集合，包括操作及有关的操作规则，是对系统动态特性的描述。\n ( 3 ）数据的约束条件：是一组完整性规则的集合。完整性规则是给定的数据模型中数据及其联系所具有的制约和依存规则，用以限定符合数据模型的数据库状态以及状态的变化，以保证数据的正确、有效、相容。解析数据模型是数据库系统中最重要的概念之一。必须通过 《 概论 》 的学习真正掌握数据模型的概念和作用。数据模型是数据库系统的基础。任何一个 DBMS 都以某一个数据模型为基础，或者说支持某一个数据模型。数据库系统中，模型有不同的层次。根据模型应用的不同目的，可以将模型分成两类或者说两个层次：一类是概念模型，是按用户的观点来对数据和信息建模，用于信息世界的建模，强调语义表达能力，概念简单清晰；另一类是数据模型，是按计算机系统的观点对数据建模，用于机器世界，人们可以用它定义、操纵数据库中的数据，一般需要有严格的形式化定义和一组严格定义了语法和语义的语言，并有一些规定和限制，便于在机器上实现。',0,NULL,'2019-09-02 18:27:13','2019-09-02 18:27:13'),(173,NULL,NULL,7,1,NULL,1,NULL,'试述网状、层次数据库的优缺点。',NULL,'层次模型的优点主要有： ( l ）模型简单，对具有一对多层次关系的部门描述非常自然、直观，容易理解，这是层次数据库的突出优点； ( 2 ）用层次模型的应用系统性能好，特别是对于那些实体间联系是固定的且预先定义好的应用，采用层次模型来实现，其性能优于关系模型； ( 3 ）层次数据模型提供了良好的完整性支持。\n层次模型的缺点主要有： ( l ）现实世界中很多联系是非层次性的，如多对多联系、一个结点具有多个双亲等，层次模型不能自然地表示这类联系，只能通过引入冗余数据或引入虚拟结点来解决； ( 2 ）对插入和删除操作的限制比较多； ( 3 ）查询子女结点必须通过双亲结点。\n网状数据模型的优点主要有： ( l ）能够更为直接地描述现实世界，如一个结点可以有多个双亲； ( 2 ）具有良好的性能，存取效率较高。\n网状数据模型的缺点主要有： ( l ）结构比较复杂，而且随着应用环境的扩大，数据库的结构就变得越来越复杂，不利于最终用户掌握； ( 2 ）其 DDL 、 DML 语言复杂，用户不容易使用。由于记录之间联系是通过存取路径实现的，应用程序在访问数据时必须选择适当的存取路径。因此，用户必须了解系统结构的细节，加重了编写应用程序的负担。',0,NULL,'2019-09-02 18:27:48','2019-09-02 18:27:48'),(174,NULL,NULL,7,1,NULL,1,NULL,'试述关系模型的概念，定义并解释以下术语： ( l ）关系（ 2 ）属性（ 3 ）域（ 4 ）元组 ( 5 ）主码（ 6 ）分量（ 7 ）关系模式',NULL,'关系模型由关系数据结构、关系操作集合和关系完整性约束三部分组成。在用户观点下，关系模型中数据的逻辑结构是一张二维表，它由行和列组成。 ( l ）关系：一个关系对应通常说的一张表； ( 2 ）属性：表中的一列即为一个属性； ( 3 ）域：属性的取值范围； ( 4 ）元组：表中的一行即为一个元组； ( 5 ）主码：表中的某个属性组，它可以惟一确定一个元组； ( 6 ）分量：元组中的一个属性值； ( 7 ）关系模式：对关系的描述，一般表示为关系名（属性 1 ，属性 2 ， … ，属性 n )',0,NULL,'2019-09-02 18:28:14','2019-09-02 18:28:14'),(175,NULL,NULL,7,1,NULL,1,NULL,'试述关系数据库的特点。',NULL,'关系数据模型具有下列优点： ( l ）关系模型与非关系模型不同，它是建立在严格的数学概念的基础上的。 ( 2 ）关系模型的概念单一，无论实体还是实体之间的联系都用关系表示，操作的对象和操作的结果都是关系，所以其数据结构简单、清晰，用户易懂易用。 ( 3 ）关系模型的存取路径对用户透明，从而具有更高的数据独立性、更好的安全保密性，也简化了程序员的工作和数据库开发建立的工作。当然，关系数据模型也有缺点，其中最主要的缺点是，由于存取路径对用户透明，查询效率往往不如非关系数据模型。因此为了提高性能，必须对用户的查询请求进行优化，增加了开发数据库管理系统的难度。',0,NULL,'2019-09-02 18:28:24','2019-09-02 18:28:24'),(176,NULL,NULL,7,1,NULL,1,NULL,'试述数据库系统三级模式结构，这种结构的优点是什么？',NULL,'数据库系统的三级模式结构由外模式、模式和内模式组成。（参见书上图 1 . 29 ) 外模式，亦称子模式或用户模式，是数据库用户（包括应用程序员和最终用户）能够看见和使用的局部数据的逻辑结构和特征的描述，是数据库用户的数据视图，是与某一应用有关的数据的逻辑表示。模式，亦称逻辑模式，是数据库中全体数据的逻辑结构和特征的描述，是所有用户的公共数据视图。模式描述的是数据的全局逻辑结构。外模式涉及的是数据的局部逻辑结构，通常是模式的子集。内模式，亦称存储模式，是数据在数据库系统内部的表示，即对数据的物理结构和存储方式的描述。数据库系统的三级模式是对数据的三个抽象级别，它把数据的具体组织留给 DBMs 管理，使用户能逻辑抽象地处理数据，而不必关心数据在计算机中的表示和存储。为了能够在内部实现这三个抽象层次的联系和转换，数据库系统在这三级模式之间提供了两层映像：外模式／模式映像和模式／内模式映像。正是这两层映像保证了数据库系统中的数据能够具有较高的逻辑独立性和物理独立性。',0,NULL,'2019-09-02 18:28:36','2019-09-02 18:28:36'),(177,NULL,NULL,7,1,NULL,1,NULL,'定义并解释以下术语：模式、外模式、内模式、 DDL 、 DML 。',NULL,'模式、外模式、内模式，亦称逻辑模式，是数据库中全体数据的逻辑结构和特征的描述，是所有用户的公共数据视图。模式描述的是数据的全局逻辑结构。外模式涉及的是数据的局部逻辑结构，通常是模式的子集。内模式，亦称存储模式，是数据在数据库系统内部的表示，即对数据的物理结构和存储方式的描述。 DDL ：数据定义语言，用来定义数据库模式、外模式、内模式的语言。 DML ：数据操纵语言，用来对数据库中的数据进行查询、插入、删除和修改的语句。',0,NULL,'2019-09-02 18:28:46','2019-09-02 18:28:46'),(178,NULL,NULL,7,1,NULL,1,NULL,'什么叫数据与程序的物理独立性？什么叫数据与程序的逻辑独立性？为什么数据库系统具有数据与程序的独立性？',NULL,'数据与程序的逻辑独立性：当模式改变时（例如增加新的关系、新的属性、改变属性的数据类型等），由数据库管理员对各个外模式／模式的映像做相应改变，可以使外模式保持不变。应用程序是依据数据的外模式编写的，从而应用程序不必修改，保证了数据与程序的逻辑独立性，简称数据的逻辑独立性。数据与程序的物理独立性：当数据库的存储结构改变了，由数据库管理员对模式／内模式映像做相应改变，可以使模式保持不变，从而应用程序也不必改变，保证了数据与程序的物理独立性，简称数据的物理独立性。数据库管理系统在三级模式之间提供的两层映像保证了数据库系统中的数据能够具有较高的逻辑独立性和物理独立性。',0,NULL,'2019-09-02 18:29:00','2019-09-02 18:29:00'),(179,NULL,NULL,7,1,NULL,1,NULL,'试述数据库系统的组成。',NULL,'数据库系统一般由数据库、数据库管理系统（及其开发工具）、应用系统、数据库管理员和用户构成。',0,NULL,'2019-09-02 18:29:15','2019-09-02 18:29:15'),(180,NULL,NULL,7,1,NULL,1,NULL,'数据库管理员、系统分析员、数据库设计人员、应用程序员的职责是什么？',NULL,'数据库管理员的职责：（1）决定数据库中的信息内容和结构；\n（2）决定数据库的存储结构和存取策略；\n（3）定义数据的安全性要求和完整性约束条件；\n（4）监控数据库的使用和运行；\n（5）数据库的改进和重组、重构。',0,NULL,'2019-09-02 18:29:25','2019-09-02 18:29:25'),(181,NULL,NULL,7,2,NULL,1,NULL,'试述关系模型的三个组成部分。',NULL,'答：关系模型由关系数据结构、关系操作集合和关系完整性约束三部分组成。',0,NULL,'2019-09-02 18:29:36','2019-09-02 18:29:36'),(182,NULL,NULL,7,2,NULL,1,NULL,'试述关系数据语言的特点和分类。',NULL,'关系数据语言可以分为三类：\n关系代数语言。\n关系演算语言：元组关系演算语言和域关系演算语言。\nSQL：具有关系代数和关系演算双重特点的语言。\n这些关系数据语言的共同特点是，语言具有完备的表达能力，是非过程化的集合操作语言，功能强，能够嵌入高级语言中使用。',0,NULL,'2019-09-02 18:29:51','2019-09-02 18:29:51'),(183,NULL,NULL,7,2,NULL,1,NULL,'述关系模型的完整性规则。在参照完整性中，为什么外部码属性的值也可以为空？什么情况下才可以为空？',NULL,'实体完整性规则是指若属性A是基本关系R的主属性，则属性A不能取空值。\n若属性(或属性组)F是基本关系R的外码，它与基本关系S的主码Ks相对应(基本关系R和S不一定是不同的关系)，则对于R中每个元组在F上的值必须为：或者取空值(F的每个属性值均为空值)；或者等于S中某个元组的主码值。即属性F本身不是主属性，则可以取空值，否则不能取空值。',0,NULL,'2019-09-02 18:30:04','2019-09-02 18:30:04'),(184,NULL,NULL,7,2,NULL,1,NULL,'试述等值连接与自然连接的区别和联系。',NULL,'连接运算符是“=”的连接运算称为等值连接。它是从关系R与S的广义笛卡尔积中选取A，B属性值相等的那些元组自然连接是一种特殊的等值连接，它要求两个关系中进行比较的分量必须是相同的属性组，并且在结果中把重复的属性列去掉。',0,NULL,'2019-09-02 18:30:23','2019-09-02 18:30:23'),(185,NULL,NULL,7,1,NULL,1,NULL,'关系代数的基本运算有哪些 ? 如何用这些基本运算来表示其他运算?',NULL,'并、差、笛卡尔积、投影和选择5种运算为基本的运算。其他3种运算，即交、连接和除，均可以用这5种基本运算来表达。',0,NULL,'2019-09-02 18:30:35','2019-09-02 18:30:35'),(186,NULL,NULL,7,3,NULL,1,NULL,'试述 sQL 语言的特点。',NULL,'(l）综合统一。 SQL 语言集数据定义语言 DDL 、数据操纵语言 DML 、数据控制语言 DCL 的功能于一体。\n(2）高度非过程化。用 SQL 语言进行数据操作，只要提出“做什么”，而无需指明“怎么做”，因此无需了解存取路径，存取路径的选择以及 SQL 语句的操作过程由系统自动完成。 \n(3）面向集合的操作方式。 SQL 语言采用集合操作方式，不仅操作对象、查找结果可以是元组的集合，而且一次插入、删除、更新操作的对象也可以是元组的集合。\n(4）以同一种语法结构提供两种使用方式。 SQL 语言既是自含式语言，又是嵌入式语言。作为自含式语言，它能够独立地用于联机交互的使用方式；作为嵌入式语言，它能够嵌入到高级语言程序中，供程序员设计程序时使用。\n(5）语言简捷，易学易用。',0,NULL,'2019-09-02 18:31:10','2019-09-02 18:31:10'),(187,NULL,NULL,7,3,NULL,2,NULL,'什么是基本表？什么是视图？两者的区别和联系是什么？',NULL,'基本表是本身独立存在的 表，在 SQL 中一个关系就对应一个表。视图是从一个或几个基本表导出的表。视图本身不独立存储在数据库中，是一个虚表。即数据库中只存放视图的定义而不存放视图对应的数据，这些数据仍存放在导出视图的基本表中。视图在概念上与基本表等同，用户可以如同基本表那样使用视图，可以在视图上再定义视图。',0,NULL,'2019-09-02 18:31:38','2019-09-02 18:31:38'),(188,NULL,NULL,7,3,NULL,1,NULL,'试述视图的优点。',NULL,'( l ）视图能够简化用户的操作； ( 2 ）视图使用户能以多种角度看待同一数据； ( 3 ）视图对重构数据库提供了一定程度的逻辑独立性； ( 4 ）视图能够对机密数据提供安全保护。',0,NULL,'2019-09-02 18:31:50','2019-09-02 18:31:50'),(189,NULL,NULL,7,3,NULL,1,NULL,'哪类视图是可以更新的？哪类视图是不可更新的？各举一例说明。',NULL,'基本表的行列子集视图一般是可更新的。若视图的属性来自集合函数、表达式，则该视图肯定是不可以更新的。',0,NULL,'2019-09-02 18:32:12','2019-09-02 18:32:12'),(190,NULL,NULL,7,3,NULL,2,NULL,'请为三建工程项目建立一个供应情况的视图，包括供应商代码(SNO)、零件代码(PNO)、供应数量(QTY)。\n针对该视图VSP完成下列查询：\n(1)找出三建工程项目使用的各种零件代码及其数量。\n(2)找出供应商S1的供应情况。',NULL,'CREATE VIEW VSP AS SELECT SNO,SPJ.PNO,QTY FROM SPJ,J \nWHERE SPJ.JNO=J.JNO AND J.JNAME=\'三建\'\n(1)SELECT  DIST  PNO,QTY  FROM  VSP\n(2)SELECT  DIST * FROM VSP WHERE SNO=\'S1\'',0,NULL,'2019-09-02 18:33:17','2019-09-02 18:33:17'),(191,NULL,NULL,7,4,NULL,1,NULL,'什么是数据库的安全性？',NULL,'数据库的安全性是指保护数据库以防止不合法的使用所造成的数据泄露、更改或破坏。',0,NULL,'2019-09-02 18:33:31','2019-09-02 18:33:31'),(192,NULL,NULL,7,4,NULL,1,NULL,'数据库安全性和计算机系统的安全性有什么关系？',NULL,'安全性问题不是数据库系统所独有的，所有计算机系统都有这个问题。只是在数据库系统中大量数据集中存放，而且为许多最终用户直接共享，从而使安全性问题更为突出。\n系统安全保护措施是否有效是数据库系统的主要指标之一。\n数据库的安全性和计算机系统的安全性，包括操作系统、网络系统的安全性是紧密联系、相互支持的',0,NULL,'2019-09-02 18:33:48','2019-09-02 18:33:48'),(193,NULL,NULL,7,4,NULL,1,NULL,'试述实现数据库安全性控制的常用方法和技术。',NULL,'实现数据库安全性控制的常用方法和技术有：\n( l ）用户标识和鉴别：该方法由系统提供一定的方式让用户标识自己的名字或身份。每次用户要求进入系统时，由系统进行核对，通过鉴定后才提供系统的使用权。\n( 2 ）存取控制：通过用户权限定义和合法权检查确保只有合法权限的用户访问数据库，所有未被授权的人员无法存取数据。例如CZ 级中的自主存取控制( DAC ) , Bl 级中的强制存取控制（MAC ）。\n( 3 ）视图机制：为不同的用户定义视图，通过视图机制把要保密的数据对无权存取的用户隐藏起来，从而自动地对数据提供一定程度的安全保护。\n( 4 ）审计：建立审计日志，把用户对数据库的所有操作自动记录下来放入审计日志中，DBA 可以利用审计跟踪的信息，重现导致数据库现有状况的一系列事件，找出非法存取数据的人、时间和内容等。\n( 5 ）数据加密：对存储和传输的数据进行加密处理，从而使得不知道解密算法的人无法获知数据的内容。',0,NULL,'2019-09-02 18:34:19','2019-09-02 18:34:19'),(194,NULL,NULL,7,4,NULL,1,NULL,'什么是数据库中的自主存取控制方法和强制存取控制方法？',NULL,'自主存取控制方法：定义各个用户对不同数据对象的存取权限。当用户对数据库访问时首先检查用户的存取权限。防止不合法用户对数据库的存取。\n强制存取控制方法：每一个数据对象被（强制地）标以一定的密级，每一个用户也被（强制地）授予某一个级别的许可证。系统规定只有具有某一许可证级别的用户才能存取某一个密级的数据对象。',0,NULL,'2019-09-02 18:34:31','2019-09-02 18:34:31'),(195,NULL,NULL,7,4,NULL,1,NULL,'理解并解释MAC 机制中主体、客体、敏感度标记的含义。',NULL,'主体是系统中的活动实体，既包括DBMS 所管理的实际用户，也包括代表用户的各进程。\n客体是系统中的被动实体，是受主体操纵的，包括文件、基表、索引、视图等。对于主体和 客体，DBMS 为它们每个实例（值）指派一个敏感度标记（Label ）。\n敏感度标记被分成若干级别，例如绝密（Top Secret ）、机密（Secret ）· 可信( Confidential ）、公开（PubliC ）等。主体的敏感度标记称为许可证级别（ClearanCe 玫vel ) ，客体的敏感度标记称为密级（Classification Level ）。',0,NULL,'2019-09-02 18:35:06','2019-09-02 18:35:06'),(196,NULL,NULL,7,4,NULL,1,NULL,'什么是数据库的审计功能，为什么要提供审计功能？',NULL,'审计功能是指DBMS 的审计模块在用户对数据库执行操作的同时把所有操作自动记录到系统的审计日志中。\n因为任何系统的安全保护措施都不是完美无缺的，蓄意盗窃破坏数据的人总可能存在。利用数据库的审计功能，DBA 可以根据审计跟踪的信息，重现导致数据库现有状况的一系列事件，找出非法存取数据的人、时间和内容等。',0,NULL,'2019-09-02 18:35:16','2019-09-02 18:35:16'),(197,NULL,NULL,7,5,NULL,1,NULL,'什么是数据库的完整性？',NULL,'数据库的完整性是指数据的正确性和相容性。',0,NULL,'2019-09-02 18:35:29','2019-09-02 18:35:29'),(198,NULL,NULL,7,5,NULL,1,NULL,'数据库的完整性概念与数据库的安全性概念有什么区别和联系？',NULL,'数据的完整性和安全性是两个不同的概念，但是有一定的联系。前者是为了防止数据库中存在不符合语义的数据，防止错误信息的输入和输出，即所谓垃圾进垃圾出（ Garba : e In Garba : e out ）所造成的无效操作和错误结果。后者是保护数据库防止恶意的破坏和非法的存取。也就是说，安全性措施的防范对象是非法用户和非法操作，完整性措施的防范对象是不合语义的数据。',0,NULL,'2019-09-02 18:35:40','2019-09-02 18:35:40'),(199,NULL,NULL,7,5,NULL,1,NULL,'什么是数据库的完整性约束条件？可分为哪几类？',NULL,'完整性约束条件是指数据库中的数据应该满足的语义约束条件。一般可以分为六类：静态列级约束、静态元组约束、静态关系约束、动态列级约束、动态元组约束、动态关系约束。静态列级约束是对一个列的取值域的说明，包括以下几个方面： ( l ）对数据类型的约束，包括数据的类型、长度、单位、精度等； ( 2 ）对数据格式的约束； ( 3 ）对取值范围或取值集合的约束； ( 4 ）对空值的约束； ( 5 ）其他约束。静态元组约束就是规定组成一个元组的各个列之间的约束关系，静态元组约束只局限在单个元组上。静态关系约束是在一个关系的各个元组之间或者若干关系之间常常存在各种联系或约束。\n常见的静态关系约束有： ( l ）实体完整性约束； ( 2 ）参照完整性约束； ( 3 ）函数依赖约束。\n动态列级约束是修改列定义或列值时应满足的约束条件，包括下面两方面： ( l ）修改列定义时的约束； ( 2 ）修改列值时的约束。动态元组约束是指修改某个元组的值时需要参照其旧值，并且新旧值之间需要满足某种约束条件。动态关系约束是加在关系变化前后状态上的限制条件，例如事务一致性、原子性等约束条件。',0,NULL,'2019-09-02 18:36:00','2019-09-02 18:36:00'),(200,NULL,NULL,7,5,NULL,3,NULL,'DBMS 的完整性控制机制应具有哪些功能？',NULL,'DBMS 的完整性控制机制应具有三个方面的功能： ( l ）定义功能，即提供定义完整性约束条件的机制； ( 2 ）检查功能，即检查用户发出的操作请求是否违背了完整性约束条件；( 3 ）违约反应：如果发现用户的操作请求使数据违背了完整性约束条件，则采取一定的动作来保证数据的完整性。',0,NULL,'2019-09-02 18:36:36','2019-09-02 18:36:36'),(201,NULL,NULL,7,5,NULL,1,NULL,'RDBMS 在实现参照完整性时需要考虑哪些方面？',NULL,'RDBMs 在实现参照完整性时需要考虑以下几个方面： \n( l ）外码是否可以接受空值。\n( 2 ）册 l 除被参照关系的元组时的考虑，这时系统可能采取的作法有三种： l ）级联删除（ CASCADES ) ; 2 ）受限删除（ RESTRICTED ) ; 3 ）置空值删除（ NULLIFIES ）。 ( 3 ）在参照关系中插入元组时的问题，这时系统可能采取的作法有： l ）受限插入； 2 ）递归插入。 \n( 4 ）修改关系中主码的问题。一般是不能用 UPDATE 语句修改关系主码的。如果需要修改主码值，只能先删除该元组，然后再把具有新主码值的元组插入到关系中。如果允许修改主码，首先要保证主码的惟一性和非空，否则拒绝修改。然后要区分是参照关系还是被参照关系。',0,NULL,'2019-09-02 18:36:51','2019-09-02 18:36:51'),(202,NULL,NULL,7,5,NULL,1,NULL,'假设有下面两个关系模式：职工（职工号，姓名，年龄，职务，工资，部门号），其中职工号为主码；部门（部门号，名称，经理名，电话），其中部门号为主码。用 sQL 语言定义这两个关系模式，要求在模式中完成以下完整性约束条件的定义：定义每个模式的主码；定义参照完整性；定义职工年龄不得超过 60 岁。',NULL,'CREATE TABLE DEPT\n    (Deptno NUMBER(2),\n     Deptname VARCHAR(10),\n     Manager VARCHAR(10),\n     PhoneNumber Char(12)\n     CONSTRAINT PK_SC RIMARY KEY(Deptno));\nCREATE TABLE EMP\n    (Empno NUMBER(4),\n     Ename VARCHAR(10),\n     Age NUMBER(2),\n     CONSTRAINT C1 CHECK ( Aage<=60),\n      Job VARCHAR(9),\n      Sal NUMBER(7,2),\n      Deptno NUMBER(2),\n      CONSTRAINT FK_DEPTNO\n         FOREIGN KEY(Deptno)\n         REFFERENCES DEPT(Deptno));',0,NULL,'2019-09-02 18:37:13','2019-09-02 18:37:13'),(203,NULL,NULL,7,5,NULL,1,NULL,'关系系统中，当操作违反实体完整性、参照完整性和用户定义的完整性约束条件时，一般是如何分别进行处理的？',NULL,'对于违反实体完整性和用户定义的完整性的操作一般都采用拒绝执行的方式进行处理。而对于违反参照完整性的操作，并不都是简单地拒绝执行，有时要根据应用语义执行一些附加的操作，以保证数据库的正确性。',0,NULL,'2019-09-02 18:37:29','2019-09-02 18:37:29'),(204,NULL,NULL,7,6,NULL,1,NULL,'下面的结论哪些是正确的? 哪些是错误的? 对于错误的请给一个反例说明之。\n（1）任何一个二目关系是属于3NF。\n（2）任何一个二目关系是属于BCNF.',NULL,'（1）答：正确。因为关系模式中只有两个属性，所以无传递。\n（2）答:正确。按BCNF的定义，若XY,且Y不是X的子集时，每个决定因素都包含码，对于二目关系决定因素必然包含码。详细证明如下：（任何二元关系模式必定是BCNF）。\n证明：设R为一个二目关系R(A1，A2)，则属性A1和A2之间可能存在以下几种依赖关系：\nA、A1A2，但A2A1，则关系R的码为A1，决定因素都包含码，所以，R是BCNF。\nB、A1A2，A2A1，则关系R的码为A2，所以决定因素都包含码，R是BCNF。\n包含码。R是BCNF。C、R的码为(A1，A2)（即A1 A2，A2 A1），决定因素都',0,NULL,'2019-09-02 18:38:42','2019-09-02 18:38:42'),(205,NULL,NULL,7,7,NULL,1,NULL,'试述数据库设计过程。',NULL,'数据库设计过程的六个阶段： ( l ）需求分析； ( 2 ）概念结构设计； ( 3 ）逻辑结构设计； ( 4 ）数据库物理设计； ( 5 ）数据库实施； ( 6 ）数据库运行和维护。这是一个完整的实际数据库及其应用系统的设计过程。不仅包括设计数据库本身，还包括数据库的实施、运行和维护。设计一个完善的数据库应用系统往往是上述六个阶段的不断反复。',0,NULL,'2019-09-02 18:39:04','2019-09-02 18:39:04'),(206,NULL,NULL,7,7,NULL,1,NULL,'试述数据库设计过程各个阶段上的设计描述。',NULL,'各阶段的设计要点如下： ( l ）需求分析：准确了解与分析用户需求（包括数据与处理）。 ( 2 ）概念结构设计：通过对用户需求进行综合、归纳与抽象，形成一个独立于具体 DBMS 的概念模型。 ( 3 ）逻辑结构设计：将概念结构转换为某个 DBMS 所支持的数据模型，并对其进行优化。 ( 4 ）数据库物理设计：为逻辑数据模型选取一个最适合应用环境的物理结构（包括存储结构和存取方法）。 ( 5 ）数据库实施：设计人员运用 DBMS 提供的数据语言、工具及宿主语言，根据逻辑设计和物理设计的结果建立数据库，编制与调试应用程序，组织数据入库，并进行试运行。 ( 6 ）数据库运行和维护：在数据库系统运行过程中对其进行评价、调整与修改。',0,NULL,'2019-09-02 18:39:17','2019-09-02 18:39:17'),(207,NULL,NULL,7,7,NULL,1,NULL,'试述数据库设计过程中结构设计部分形成的数据库模式。',NULL,'数据库结构设计的不同阶段形成数据库的各级模式，即： ( l ）在概念设计阶段形成独立于机器特点，独立于各个 DBMS 产品的概念模式，在本篇中就是 E 一 R 图； ( 2 ）在逻辑设计阶段将 E 一 R 图转换成具体的数据库产品支持的数据模型，如关系模型，形成数据库逻辑模式，然后在基本表的基础上再建立必要的视图 ( Vi 娜），形成数据的外模式； ( 3 ）在物理设计阶段，根据 DBMS 特点和处理的需要，进行物理存储安排，建立索引，形成数据库内模式。',0,NULL,'2019-09-02 18:39:27','2019-09-02 18:39:27'),(208,NULL,NULL,7,7,NULL,1,NULL,'什么是数据库的概念结构？试述其特点和设计策略。',NULL,'概念结构是信息世界的结构，即概念模型，其主要特点是： ( l ）能真实、充分地反映现实世界，包括事物和事物之间的联系，能满足用户对数据的处理要求，是对现实世界的一个真实模型； ( 2 ）易于理解，从而可以用它和不熟悉计算机的用户交换意见，用户的积极参与是数据库设计成功的关键； ( 3 ）易于更改，当应用环境和应用要求改变时，容易对概念模型修改和扩充； ( 4 ）易于向关系、网状、层次等各种数据模型转换。概念结构的设计策略通常有四种： l ）自顶向下，即首先定义全局概念结构的框架，然后逐步细化； 2 ）自底向上，即首先定义各局部应用的概念结构，然后将它们集成起来，得到全局概念结构； 3 ）逐步扩张，首先定义最重要的核心概念结构，然后向外扩充，以滚雪球的方式逐步生成其他概念结构，直至总体概念结构； 4 ）混合策略，即将自顶向下和自底向上相结合，用自顶向下策略设计一个全局概念结构的框架，以它为骨架集成由自底向上策略中设计的各局部概念结构。',0,NULL,'2019-09-02 18:39:46','2019-09-02 18:39:46'),(209,NULL,NULL,7,7,NULL,3,NULL,'什么是数据库的逻辑结构设计？试述其设计步骤。',NULL,'数据库的逻辑结构设计就是把概念结构设计阶段设计好的基本 E 一 R 图转换为与选用的 DBMS 产品所支持的数据模型相符合的逻辑结构。设计步骤为 : ( l ）将概念结构转换为一般的关系、网状、层次模型； ( 2 ）将转换来的关系、网状、层次模型向特定 DBMS 支持下的数据模型转换； ( 3 ）对数据模型进行优化。',0,NULL,'2019-09-02 18:40:06','2019-09-02 18:40:06');

/*!40101 SET SQL_MODE=@OLD_SQL_MODE */;
/*!40014 SET FOREIGN_KEY_CHECKS=@OLD_FOREIGN_KEY_CHECKS */;
/*!40014 SET UNIQUE_CHECKS=@OLD_UNIQUE_CHECKS */;
/*!40111 SET SQL_NOTES=@OLD_SQL_NOTES */;
